EC50_0,SMILES,EC50_1,EC50_2,EC50_3,EC50_4,EC50_5,EC50_6,EC50_7,EC50_8,EC50_9,EC50_10,EC50_11,EC50_12,EC50_13,EC50_14,EC50_15,EC50_16,EC50_17,EC50_18,EC50_19,EC50_20,EC50_21
-2.3010299956639813,CCN1CCN(Cc2ccc(Nc3ncc(F)c(-c4cc(F)c5nc(C)n(C(C)C)c5c4)n3)nc2)CC1,,,-2.3010299956639813,,,,,,,-2.3010299956639813,,-2.3010299956639813,,,,,-2.3010299956639813,,,-2.3010299956639813,
-2.903089986991944,CCCC(=O)Nc1ccc(OCC(O)CNC(C)C)c(C(C)=O)c1,,,,,,,,,,,,,,,,-2.903089986991944,,,,,
-2.6989700043360187,C/C([O-])=N/c1nnc(S(N)(=O)=O)s1,,,,,,,-2.6989700043360187,,,-2.6989700043360187,-2.6989700043360187,,,,,,,,,,
-1.4771212547196624,CC(C)(C)C(=O)OCOP(=O)(COCCn1cnc2c(N)ncnc21)OCOC(=O)C(C)(C)C,,,,,,,,,,-1.4771212547196624,-1.0,-1.0,-1.0,,,-1.0,,-1.4771212547196624,-1.0,,
-1.6989700043360187,COc1ccc2cccc(CCNC(C)=O)c2c1,,,,,,,,,,-1.3979400086720375,,,-1.3979400086720375,,,,-1.6989700043360187,,-1.3979400086720375,,
-1.6020599913279625,N=C(N)NC(=O)c1nc(Cl)c(N)nc1N,,,,,,,,,,,,,,,,,,,,,
-4.301029995663981,Nc1ccc(C(=O)O)c(O)c1,,,,,,,,,,,,,-3.6020599913279625,,,-4.079181246047625,,,-3.6020599913279625,,
-2.7781512503836434,CCCCc1oc2ccccc2c1C(=O)c1cc(I)c(OCCN(CC)CC)c(I)c1,-1.380211241711606,,-2.7781512503836434,,,-1.380211241711606,,-1.380211241711606,-2.903089986991944,,-2.903089986991944,,-1.380211241711606,,-2.903089986991944,-3.204119982655925,-2.903089986991944,,-2.903089986991944,,
-0.4771212547196624,C[C@@H]1OC(=O)C[C@H](O)C[C@H](O)CC[C@@H](O)[C@H](O)C[C@H](O)C[C@]2(O)C[C@H](O)[C@@H](C(=O)O)[C@H](C[C@@H](O[C@@H]3O[C@H](C)[C@@H](O)[C@H](N)[C@@H]3O)/C=C/C=C/C=C/C=C/C=C/C=C/C=C/[C@H](C)[C@@H](O)[C@H]1C)O2,,,-0.6989700043360189,,,-0.6989700043360189,,,,-0.4771212547196624,,,0.0,,-0.0,-0.6989700043360189,-0.7781512503836436,0.0,-0.6989700043360189,,
-0.4771212547196624,C[C@@H]1OC(=O)C[C@H](O)C[C@H](O)CC[C@@H](O)[C@H](O)C[C@H](O)C[C@]2(O)C[C@H](O)[C@@H](C(=O)O)[C@H](C[C@@H](O[C@@H]3O[C@H](C)[C@@H](O)[C@H](N)[C@@H]3O)/C=C/C=C/C=C/C=C/C=C/C=C/C=C/[C@H](C)[C@@H](O)[C@H]1C)O2,,,-0.6989700043360189,,,-0.6989700043360189,,,,-0.4771212547196624,,,0.0,,-0.0,-0.6989700043360189,-0.7781512503836436,0.0,0.0,,
-0.4771212547196624,C[C@@H]1OC(=O)C[C@H](O)C[C@H](O)CC[C@@H](O)[C@H](O)C[C@H](O)C[C@]2(O)C[C@H](O)[C@@H](C(=O)O)[C@H](C[C@@H](O[C@@H]3O[C@H](C)[C@@H](O)[C@H](N)[C@@H]3O)/C=C/C=C/C=C/C=C/C=C/C=C/C=C/[C@H](C)[C@@H](O)[C@H]1C)O2,,,-0.6989700043360189,,,-0.6989700043360189,,,,-0.4771212547196624,,,0.0,,-0.0,-0.6989700043360189,-0.7781512503836436,-0.7781512503836436,-0.6989700043360189,,
-0.4771212547196624,C[C@@H]1OC(=O)C[C@H](O)C[C@H](O)CC[C@@H](O)[C@H](O)C[C@H](O)C[C@]2(O)C[C@H](O)[C@@H](C(=O)O)[C@H](C[C@@H](O[C@@H]3O[C@H](C)[C@@H](O)[C@H](N)[C@@H]3O)/C=C/C=C/C=C/C=C/C=C/C=C/C=C/[C@H](C)[C@@H](O)[C@H]1C)O2,,,-0.6989700043360189,,,-0.6989700043360189,,,,-0.4771212547196624,,,0.0,,-0.0,-0.6989700043360189,-0.7781512503836436,-0.7781512503836436,0.0,,
-0.6989700043360189,O=C1CN2Cc3c(ccc(Cl)c3Cl)N=C2N1,,,,,,,,,,,,,-0.3010299956639812,,,,,,-0.3010299956639812,,
-0.6989700043360189,CCCCCOc1ccc(-c2ccc(-c3ccc(C(=O)N[C@H]4C[C@@H](O)[C@@H](O)NC(=O)[C@@H]5[C@@H](O)[C@@H](C)CN5C(=O)[C@H]([C@@H](C)O)NC(=O)[C@H]([C@H](O)[C@@H](O)c5ccc(O)cc5)NC(=O)[C@@H]5C[C@@H](O)CN5C(=O)[C@H]([C@@H](C)O)NC4=O)cc3)cc2)cc1,-0.6989700043360189,,-2.3010299956639813,,-0.6989700043360189,,,,,-0.6989700043360189,-2.0,,-0.6989700043360189,-0.6989700043360189,-2.3010299956639813,-0.6989700043360189,-2.3010299956639813,-0.6989700043360189,,,
-1.3010299956639813,COc1ccc(-n2nc(C(N)=O)c3c2C(=O)N(c2ccc(N4CCCCC4=O)cc2)CC3)cc1,,,,,,,,,,-0.6989700043360189,,,-1.3010299956639813,,,,-1.3010299956639813,,-1.3010299956639813,-1.3010299956639813,
-2.6989700043360187,CC1CNc2c(cccc2S(=O)(=O)N[C@@H](CCCNC(=N)N)C(=O)N2CC[C@@H](C)C[C@@H]2C(=O)O)C1,,,,,,,,,,-2.6989700043360187,,,,,,-2.6989700043360187,,,-2.6989700043360187,,
-1.4771212547196624,O=C1CCc2ccc(OCCCCN3CCN(c4cccc(Cl)c4Cl)CC3)cc2N1,,,-1.4771212547196624,-1.4771212547196624,,,,,,-1.4771212547196624,,,-1.4771212547196624,-1.4771212547196624,,-1.4771212547196624,,-0.3010299956639812,-1.4771212547196624,-1.4771212547196624,
-1.9030899869919435,CC(C)c1c(C(=O)Nc2ccccc2)c(-c2ccccc2)c(-c2ccc(F)cc2)n1CC[C@@H](O)C[C@@H](O)CC(=O)[O-],,,,,-1.9030899869919435,,-1.9030899869919435,,,-1.9030899869919435,,,-1.9030899869919435,,,,,,-1.9030899869919435,-1.9030899869919435,
-3.1760912590556813,O=C1C(O)=C([C@H]2CC[C@H](c3ccc(Cl)cc3)CC2)C(=O)c2ccccc21,,,,,,,,,,,,,-2.8750612633917,,,,,,,,
-1.0,CNC(=O)c1ccccc1Sc1ccc2c(/C=C/c3ccccn3)n[nH]c2c1,,,-1.3010299956639813,,,,,,,,,,,,,,-1.6020599913279625,-1.6020599913279625,-1.6020599913279625,,
-2.6989700043360187,CC[C@H]1OC(=O)[C@H](C)[C@@H](O[C@H]2C[C@@](C)(OC)[C@@H](O)[C@H](C)O2)[C@H](C)[C@@H](O[C@@H]2O[C@H](C)C[C@H](N(C)C)[C@H]2O)[C@](C)(O)C[C@@H](C)CN(C)[C@H](C)[C@@H](O)[C@]1(C)O,,,,,,-2.6989700043360187,-0.4771212547196624,,,-0.4771212547196624,-2.6989700043360187,,-2.6989700043360187,,,,,,-0.4771212547196624,,
-3.4771212547196626,C[C@H]1[C@H](NC(=O)/C(=N\OC(C)(C)C(=O)O)c2csc(N)n2)C(=O)N1S(=O)(=O)O,-0.4771212547196624,,,,,,,,,,,,-3.4771212547196626,,,,,,-3.4771212547196626,,
-0.3010299956639812,O=C([O-])CCNC(=O)c1ccc(/N=N/c2ccc(O)c(C(=O)[O-])c2)cc1,,,,,,,-4.8750612633917,,,-0.3010299956639812,-0.3010299956639812,,,,-4.8750612633917,,-4.8750612633917,,-4.8750612633917,,
-2.255272505103306,CC(C)(CCCCCC(O)CCCCCC(C)(C)C(=O)O)C(=O)O,,,-2.255272505103306,-2.255272505103306,,,,,,,,,,-2.255272505103306,,,,,,,
-1.6020599913279625,CCOC(=O)[C@H](CCc1ccccc1)N[C@H]1CCc2ccccc2N(CC(=O)O)C1=O,,,,,,,,,,,,,,,,,,-1.6020599913279625,,,
-1.6989700043360187,CC(O)(CS(=O)(=O)c1ccc(F)cc1)C(=O)Nc1ccc(C#N)c(C(F)(F)F)c1,,,,,,,,,,,,,-2.1760912590556813,,,-2.1760912590556813,,,-2.1760912590556813,-1.6989700043360187,
-1.6532125137753435,Cn1cnc2c(F)c(Nc3ccc(Br)cc3F)c(C(=O)NOCCO)cc21,,,,,,,,,,-1.7781512503836436,,,,,,,-1.6532125137753435,,,,
-2.096910013008056,COc1ccccc1Oc1c(NS(=O)(=O)c2ccc(C(C)(C)C)cc2)nc(-c2ncccn2)nc1OCCO,,-1.380211241711606,,,,,,,-2.096910013008056,-2.397940008672037,,,-2.397940008672037,,,,,-0.4771212547196624,-2.096910013008056,,
-2.6989700043360187,COc1cc(Nc2c(C#N)cnc3cc(OCCCN4CCN(C)CC4)c(OC)cc23)c(Cl)cc1Cl,,,,,,,,,,,,,-2.7781512503836434,,-2.7781512503836434,,-2.6989700043360187,-2.7781512503836434,,-2.7781512503836434,-2.6989700043360187
-2.6020599913279625,CC(NC(C)(C)C)C(=O)c1cccc(Cl)c1,,,,,,,,,,,,,-2.6020599913279625,,-2.6532125137753435,,-2.5415792439465807,,-2.6020599913279625,-2.9542425094393248,
-0.3010299956639812,CS(=O)(=O)OCCCCOS(C)(=O)=O,,,,,,,,,,,,,,,,-0.3010299956639812,,-0.6020599913279624,-0.6020599913279624,,
-2.6020599913279625,CNC(=O)c1ccc(-c2cnc3ncc(Cc4ccc5ncccc5c4)n3n2)cc1F,,,,,,,,,,,,,-2.6020599913279625,,,,-2.6020599913279625,,,,
-0.4771212547196624,C[C@H](CS)C(=O)N1CCC[C@H]1C(=O)O,,,,,,,,,,,,,,,-0.4771212547196624,,,,-0.4771212547196624,,
-3.0791812460476247,NC(=O)N1c2ccccc2C=Cc2ccccc21,,,,,,,-3.0791812460476247,,,-3.0,,,-3.0,,-3.0791812460476247,,,,,,
-1.0791812460476249,CN(C)C(=O)N[C@H]1CC[C@H](CCN2CCN(c3cccc(Cl)c3Cl)CC2)CC1,,,,,,,,,,,,,-1.0791812460476249,,,,,-1.0791812460476249,,,-0.7781512503836436
-1.4771212547196624,CC1=C(C(=O)O)N2C(=O)[C@@H](NC(=O)[C@H](N)c3ccc(O)cc3)[C@H]2SC1,,,,,-1.4771212547196624,,,,,,,,,,,,,,,,
-2.7781512503836434,C=CC1=C(C(=O)O)N2C(=O)[C@@H](NC(=O)/C(=N\O)c3csc(N)n3)[C@H]2SC1,-2.7781512503836434,,,,-2.7781512503836434,,,-2.7781512503836434,,-2.7781512503836434,,,-1.146128035678238,,,,,-1.146128035678238,-2.7781512503836434,,
-3.3010299956639813,CO/N=C(\C(=O)N[C@@H]1C(=O)N2C(C(=O)O)=C(C[N+]3(C)CCCC3)CS[C@H]12)c1csc(N)n1,,,-3.3010299956639813,,,,,,,-3.3010299956639813,,,,,-3.3010299956639813,,,-3.3010299956639813,-3.3010299956639813,,
-3.3010299956639813,CO/N=C(\C(=O)N[C@@H]1C(=O)N2C(C(=O)O)=C(CSc3nnnn3C)CS[C@H]12)c1csc(N)n1,,,,,-3.3010299956639813,,,,,,,,,,,,,,,,
-3.6020599913279625,CO[C@@]1(NC(=O)CSCC#N)C(=O)N2C(C(=O)[O-])=C(CSc3nnnn3C)CS[C@@H]21,,,,,,,,,,-3.6020599913279625,,,,,,,,,,,
-2.903089986991944,COCC1=C(C(=O)OC(C)OC(=O)OC(C)C)N2C(=O)[C@@H](NC(=O)/C(=N/OC)c3csc(N)n3)[C@H]2SC1,,,-2.3010299956639813,-2.3010299956639813,-2.903089986991944,,,,,,,,,,,,,,,,
-3.4771212547196626,CC(C)(O/N=C(\C(=O)N[C@@H]1C(=O)N2C(C(=O)[O-])=C(C[n+]3ccccc3)CS[C@H]12)c1csc(N)n1)C(=O)O,,,,,-3.4771212547196626,,,,,,,,,,,,,-1.380211241711606,,,
-3.4771212547196626,CC(C)(O/N=C(\C(=O)N[C@H]1C(=O)N2C(C(=O)[O-])=C(C[n+]3ccccc3)CS[C@@H]12)c1csc(N)n1)C(=O)[O-],,,,,,,,,,,,,,,,,,,,,
-3.0,CO/N=C(\C(=O)N[C@@H]1C(=O)N2C(C(=O)OC(C)OC(C)=O)=C(COC(N)=O)CS[C@H]12)c1ccco1,,,,,-3.0,,,,,,,,,,,,,,-3.0,,
-3.3521825181113627,CO/N=C(\C(=O)N[C@@H]1C(=O)N2C(C(=O)[O-])=C(COC(N)=O)CS[C@H]12)c1ccco1,,,,,,,,,,,,,,,,,,,,,
-2.903089986991944,Cc1ccc(-c2cc(C(F)(F)F)nn2-c2ccc(S(N)(=O)=O)cc2)cc1,,,,-2.903089986991944,,,,,,-2.6020599913279625,,,-2.6020599913279625,,,,,,-2.6020599913279625,,
-2.6020599913279625,NC(=O)O[C@@H](Cn1ncnn1)c1ccccc1Cl,,,,-2.6020599913279625,,,,,,,,-2.397940008672037,,,,,,,,,
-2.8750612633917,Cc1cc(Nc2ncc(Cl)c(Nc3ccccc3S(=O)(=O)C(C)C)n2)c(OC(C)C)cc1C1CCNCC1,-2.8750612633917,,,,-2.8750612633917,-2.8750612633917,,,,,,,-2.8750612633917,,-2.8750612633917,,-2.8750612633917,-2.8750612633917,-2.8750612633917,-2.8750612633917,
-1.0,O=C(O)COCCN1CCN(C(c2ccccc2)c2ccc(Cl)cc2)CC1,-1.0,-1.0,,,-0.6989700043360189,,,,,,-1.0,,-1.0,,,,,,-1.3010299956639813,,
-2.6989700043360187,O=C(O)c1cn(C2CC2)c2cc(N3CCNCC3)c(F)cc2c1=O,,,-2.6020599913279625,-2.6020599913279625,,,-3.6989700043360183,,,-2.6020599913279625,-3.3010299956639813,,-3.3010299956639813,,,-2.6020599913279625,,-2.4771212547196626,-3.3010299956639813,,
-2.397940008672037,CN(C)CCCN1c2ccccc2CCc2ccc(Cl)cc21,,,,,,,,,,,,,-2.3010299956639813,,,,-2.397940008672037,,-2.397940008672037,-2.397940008672037,
-1.954242509439325,O=C([O-])C1N=C(c2ccccc2)c2cc(Cl)ccc2NC1=O,,,,,,,,,,,,,,,,,,,,,
-2.4771212547196626,C[C@@H](Oc1cc(-c2cnn(C3CCNCC3)c2)cnc1N)c1c(Cl)ccc(F)c1Cl,,,,,,,,,,-2.397940008672037,,,-2.4771212547196626,,,,-2.397940008672037,-2.4771212547196626,,-2.397940008672037,
-0.6020599913279624,O=C([O-])c1cc(=O)c2c(OCC(O)COc3cccc4oc(C(=O)[O-])cc(=O)c34)cccc2o1,,,,,,,,,,,,,,,,,,,,,
-0.6989700043360189,O=P1(N(CCCl)CCCl)NCCCO1,,,,,-0.6989700043360189,-0.6989700043360189,,,,-0.6989700043360189,-1.6989700043360187,,-0.6989700043360189,,,-0.6989700043360189,,,-1.6989700043360187,,
-2.7781512503836434,CC(O)c1cc(C(=O)N[C@@H](C)Cn2ccc(-c3ccc(C#N)c(Cl)c3)n2)n[nH]1,,,,,,,,,,,,,,,,,,,,,
-3.0791812460476247,CC(C)CN(C[C@@H](O)[C@H](Cc1ccccc1)NC(=O)O[C@H]1CO[C@H]2OCC[C@@H]12)S(=O)(=O)c1ccc(N)cc1,,,,,,,,,,,,-2.903089986991944,-2.7781512503836434,,-3.0791812460476247,-3.0791812460476247,-2.7781512503836434,-3.0791812460476247,-3.0791812460476247,,
-1.6020599913279625,O=C(O)c1ccc(-n2nc(-c3ccccc3O)nc2-c2ccccc2O)cc1,,,,-1.3222192947339193,,,,,,-1.1760912590556811,,-1.4771212547196624,-1.0,-1.1760912590556811,-1.4771212547196624,-1.6020599913279625,-0.6989700043360189,-1.6020599913279625,-1.3010299956639813,,-1.4771212547196624
-1.8750612633917,Cc1c(O)c(=O)ccn1C,,,,-1.8750612633917,,,,,,-1.8750612633917,,,-1.8750612633917,-1.8750612633917,,-0.4771212547196624,,,-0.4771212547196624,,
-2.3010299956639813,C[C@]1(COc2ccc(N3CCC(Oc4ccc(OC(F)(F)F)cc4)CC3)cc2)Cn2cc([N+](=O)[O-])nc2O1,,,,,,,,,,,,,,-2.0,,,-2.3010299956639813,-2.3010299956639813,,-2.3010299956639813,
-2.1760912590556813,O=C([O-])Cc1ccccc1Nc1c(Cl)cccc1Cl,-2.1760912590556813,,-2.1760912590556813,-1.8750612633917,,-2.1760912590556813,-2.1760912590556813,-2.1760912590556813,-2.1760912590556813,-1.6989700043360187,-1.6989700043360187,,-1.6989700043360187,,-2.1760912590556813,-2.1760912590556813,-0.6020599913279624,-2.1760912590556813,-2.1760912590556813,-0.6020599913279624,-2.0
-0.3010299956639812,CC[C@H]1OC(=O)[C@H](C)[C@@H](O[C@H]2C[C@@](C)(OC)[C@@H](O)[C@H](C)O2)[C@H](C)[C@@H](O[C@@H]2O[C@H](C)C[C@H](N(C)C)[C@H]2O)[C@](C)(O)C[C@@H](C)[C@@H]2N[C@@H](COCCOC)O[C@H]([C@H]2C)[C@]1(C)O,,,,,,-0.3010299956639812,,,,,,,,,,-2.6989700043360187,,,-0.3010299956639812,,
-2.397940008672037,CN(CCOc1ccc(NS(C)(=O)=O)cc1)CCc1ccc(NS(C)(=O)=O)cc1,,,,,,,,,,,,,-2.6989700043360187,,-2.6989700043360187,,,,,-2.6989700043360187,
-0.9030899869919436,C[C@@H](O)[C@H]1C(=O)N2C(C(=O)O)=C(S[C@@H]3CN[C@H](CNS(N)(=O)=O)C3)[C@H](C)[C@H]12,,,-0.9030899869919436,-0.9030899869919436,,-0.9030899869919436,,,,,,,-0.9030899869919436,,-0.9030899869919436,,,-2.6989700043360187,-2.6989700043360187,,-0.9030899869919436
-2.0791812460476247,CNCC[C@H](Oc1cccc2ccccc12)c1cccs1,,,,,,,-2.0791812460476247,,,-2.0791812460476247,,-2.0791812460476247,-1.7781512503836436,,-2.0791812460476247,-2.0791812460476247,-2.0791812460476247,,-1.7781512503836436,-2.0791812460476247,
-3.3010299956639813,CCN(CC)C(=O)/C(C#N)=C/c1cc(O)c(O)c([N+](=O)[O-])c1,,,,,,-3.3010299956639813,,,,,,,-1.0,,,,,,,,
-2.7781512503836434,CN1CCN(c2ccc(C(=O)Nc3n[nH]c4ccc(Cc5cc(F)cc(F)c5)cc34)c(NC3CCOCC3)c2)CC1,,,,,,,,,,,,,,-2.7781512503836434,,,-2.7781512503836434,,,,
-2.0,COC(=O)[C@@H]1CC2=CC(=O)CC[C@]2(C)[C@@]23O[C@@H]2C[C@@]2(C)[C@@H](CC[C@@]24CCC(=O)O4)[C@H]13,,,-2.3010299956639813,,,,,,,,,,,,,,,,,,
-2.397940008672037,CC[C@H]1OC(=O)[C@H](C)[C@@H](O[C@H]2C[C@@](C)(OC)[C@@H](O)[C@H](C)O2)[C@H](C)[C@@H](O[C@@H]2O[C@H](C)C[C@H](N(C)C)[C@H]2O)[C@](C)(O)C[C@@H](C)C(=O)[C@H](C)[C@@H](O)[C@]1(C)O,,,,,,,,,,,,,,,,,,,-3.0,,
-0.9030899869919436,CCOC(=O)CCC(=O)O[C@H]1[C@H](O[C@@H]2[C@@H](C)[C@H](O[C@H]3C[C@@](C)(OC)[C@@H](O)[C@H](C)O3)[C@@H](C)C(=O)O[C@H](CC)[C@@](C)(O)[C@H](O)[C@@H](C)C(=O)[C@H](C)C[C@@]2(C)O)O[C@H](C)C[C@@H]1N(C)C,,,,,,-0.9030899869919436,,,,,,,-0.9030899869919436,,,,,,-0.9030899869919436,,
-1.6020599913279625,COc1ccc2[n-]c([S@@](=O)Cc3ncc(C)c(OC)c3C)nc2c1,,,,,,,,,-1.6020599913279625,-1.6020599913279625,,,-1.6020599913279625,,,,,-1.6020599913279625,-1.6020599913279625,,
-1.6020599913279625,COc1ccc2[n-]c(S(=O)Cc3ncc(C)c(OC)c3C)nc2c1,,,,,-1.7781512503836436,,,,,-1.6020599913279625,-1.6020599913279625,,-1.6020599913279625,,-1.7781512503836436,,-1.6020599913279625,-1.6020599913279625,-1.6020599913279625,,
-1.6020599913279625,COc1ccc2[n-]c(S(=O)Cc3ncc(C)c(OC)c3C)nc2c1,,,,,-1.7781512503836436,,,,,-1.6020599913279625,-1.6020599913279625,,-1.6020599913279625,,-1.7781512503836436,,-1.6020599913279625,-1.6020599913279625,-1.6020599913279625,,
-1.6020599913279625,COc1ccc2[n-]c(S(=O)Cc3ncc(C)c(OC)c3C)nc2c1,,,,,-1.7781512503836436,,,,,-1.6020599913279625,-1.6020599913279625,,-1.6020599913279625,,-1.7781512503836436,,-1.6020599913279625,-1.6020599913279625,-1.6020599913279625,,
-1.6020599913279625,COc1ccc2[n-]c(S(=O)Cc3ncc(C)c(OC)c3C)nc2c1,,,,,-1.7781512503836436,,,,,-1.6020599913279625,-1.6020599913279625,,-1.6020599913279625,,-1.7781512503836436,,-1.6020599913279625,-1.6020599913279625,-1.6020599913279625,,
-1.6020599913279625,COc1ccc2[n-]c(S(=O)Cc3ncc(C)c(OC)c3C)nc2c1,,,,,-1.7781512503836436,,,,,-1.6020599913279625,-1.6020599913279625,,-1.6020599913279625,,-1.7781512503836436,,-1.6020599913279625,-1.6020599913279625,-1.6020599913279625,,
-1.6020599913279625,COc1ccc2[n-]c(S(=O)Cc3ncc(C)c(OC)c3C)nc2c1,,,,,-1.7781512503836436,,,,,-1.6020599913279625,-1.6020599913279625,,-1.6020599913279625,,-1.7781512503836436,,-1.6020599913279625,-1.6020599913279625,-1.6020599913279625,,
-1.6020599913279625,COc1ccc2[n-]c(S(=O)Cc3ncc(C)c(OC)c3C)nc2c1,,,,,-1.7781512503836436,,,,,-1.6020599913279625,-1.6020599913279625,,-1.6020599913279625,,-1.7781512503836436,,-1.6020599913279625,-1.6020599913279625,-1.6020599913279625,,
-1.6020599913279625,COc1ccc2[n-]c(S(=O)Cc3ncc(C)c(OC)c3C)nc2c1,,,,,-1.7781512503836436,,,,,-1.6020599913279625,-1.6020599913279625,,-1.6020599913279625,,-1.7781512503836436,,-1.6020599913279625,-1.6020599913279625,-1.6020599913279625,,
-1.6020599913279625,COc1ccc2[n-]c(S(=O)Cc3ncc(C)c(OC)c3C)nc2c1,,,,,-1.7781512503836436,,,,,-1.6020599913279625,-1.6020599913279625,,-1.6020599913279625,,-1.7781512503836436,,-1.6020599913279625,-1.6020599913279625,-1.6020599913279625,,
-1.6020599913279625,COc1ccc2[n-]c(S(=O)Cc3ncc(C)c(OC)c3C)nc2c1,,,,,-1.7781512503836436,,,,,-1.6020599913279625,-1.6020599913279625,,-1.6020599913279625,,-1.7781512503836436,,-1.6020599913279625,-1.6020599913279625,-1.6020599913279625,,
-1.6020599913279625,COc1ccc2[n-]c(S(=O)Cc3ncc(C)c(OC)c3C)nc2c1,,,,,-1.7781512503836436,,,,,-1.6020599913279625,-1.6020599913279625,,-1.6020599913279625,,-1.7781512503836436,,-1.6020599913279625,-1.6020599913279625,-1.6020599913279625,,
-1.6020599913279625,COc1ccc2[n-]c(S(=O)Cc3ncc(C)c(OC)c3C)nc2c1,,,,,-1.7781512503836436,,,,,-1.6020599913279625,-1.6020599913279625,,-1.6020599913279625,,-1.7781512503836436,,-1.6020599913279625,-1.6020599913279625,-1.6020599913279625,,
-1.6020599913279625,COc1ccc2[n-]c(S(=O)Cc3ncc(C)c(OC)c3C)nc2c1,,,,,-1.7781512503836436,,,,,-1.6020599913279625,-1.6020599913279625,,-1.6020599913279625,,-1.7781512503836436,,-1.6020599913279625,-1.6020599913279625,-1.6020599913279625,,
-1.6020599913279625,COc1ccc2[n-]c(S(=O)Cc3ncc(C)c(OC)c3C)nc2c1,,,,,-1.7781512503836436,,,,,-1.6020599913279625,-1.6020599913279625,,-1.6020599913279625,,-1.7781512503836436,,-1.6020599913279625,-1.6020599913279625,-1.6020599913279625,,
-1.6020599913279625,COc1ccc2[n-]c(S(=O)Cc3ncc(C)c(OC)c3C)nc2c1,,,,,-1.7781512503836436,,,,,-1.6020599913279625,-1.6020599913279625,,-1.6020599913279625,,-1.7781512503836436,,-1.6020599913279625,-1.6020599913279625,-1.6020599913279625,,
-1.6020599913279625,COc1ccc2[n-]c(S(=O)Cc3ncc(C)c(OC)c3C)nc2c1,,,,,-1.7781512503836436,,,,,-1.6020599913279625,-1.6020599913279625,,-1.6020599913279625,,-1.7781512503836436,,-1.6020599913279625,-1.6020599913279625,-1.6020599913279625,,
-2.574031267727719,C[C@]12CC[C@@H]3c4ccc(O)cc4CC[C@H]3[C@@H]1CC[C@@H]2O,,,,-1.0,,,-0.3010299956639812,,,,,,,,-1.146128035678238,,,,-2.574031267727719,,
-3.0,CCc1cccc2c3c([nH]c12)C(CC)(CC(=O)O)OCC3,,,-2.6020599913279625,-2.6020599913279625,,-1.2041199826559248,-3.0,-1.2041199826559248,-2.7781512503836434,-3.0,-3.0,,-1.2041199826559248,,-1.2041199826559248,,,-2.7781512503836434,-1.2041199826559248,,-2.6020599913279625
-0.6989700043360189,CCOC(=O)/C=C(C)/C=C/C=C(C)/C=C/c1c(C)cc(OC)c(C)c1C,,,,,,,,,,-0.6989700043360189,,,-0.9030899869919436,,,,,,,,
-1.0,O=C1[C@H](CC[C@H](O)c2ccc(F)cc2)[C@@H](c2ccc(O)cc2)N1c1ccc(F)cc1,,,-1.0,-1.0,,,,,,,,,-1.0,,,,,,,,
-0.4771212547196624,CCOC(=O)Nc1ccc(NCc2ccc(F)cc2)cc1N,,,-0.4771212547196624,-0.4771212547196624,,,,,,,,,-0.4771212547196624,,,,,-0.4771212547196624,-0.4771212547196624,,-0.4771212547196624
-1.3010299956639813,N=C(CCSCc1csc(N=C(N)N)n1)NS(N)(=O)=O,,,,,,-1.3010299956639813,-1.9030899869919435,,-1.3010299956639813,-0.0,-0.3010299956639812,,-1.3010299956639813,,-0.0,,,,,,
-2.4771212547196626,Cc1nc(-c2ccc(OCC(C)C)c(C#N)c2)sc1C(=O)O,,,-1.9030899869919435,-2.4771212547196626,,,,,,,,-1.9030899869919435,-2.0791812460476247,,-2.0791812460476247,-1.9030899869919435,,,-2.4771212547196626,-2.4771212547196626,
-2.0791812460476247,CC(C)(C(=O)O)c1ccc(C(O)CCCN2CCC(C(O)(c3ccccc3)c3ccccc3)CC2)cc1,-2.0791812460476247,,-2.5563025007672877,-2.380211241711606,-2.5563025007672877,,,,,-2.5563025007672877,,,-2.0791812460476247,,-2.255272505103306,-2.255272505103306,-2.0791812460476247,-2.5563025007672877,-2.0791812460476247,-2.0791812460476247,
-2.3010299956639813,CCc1c(Cl)c(O)c(Cl)c(O)c1C(=O)O[C@H]1[C@H](O)[C@H](OC)[C@H](OC/C2=C\C=C\C[C@H](O)/C(C)=C/[C@H](CC)[C@@H](O[C@@H]3OC(C)(C)[C@@H](OC(=O)C(C)C)[C@H](O)[C@@H]3O)/C(C)=C/C(C)=C/C[C@@H]([C@@H](C)O)OC2=O)O[C@@H]1C,,,,,,,,,,,,,,-2.6020599913279625,,,,-2.6020599913279625,,,
-0.6989700043360189,CCCCCCCCc1ccc(CCC(N)(CO)CO)cc1,,,,,,,,,,-1.3979400086720375,-1.3979400086720375,-1.3979400086720375,-1.3979400086720375,-1.3979400086720375,-1.3979400086720375,-0.6989700043360189,-1.3979400086720375,,-1.3979400086720375,,-1.3979400086720375
-2.1760912590556813,Nc1nc(=O)[nH]cc1F,,,,,,,,,,,-2.1760912590556813,,,,,,,,-2.1760912590556813,-2.1760912590556813,
-1.9030899869919435,CNCCC(Oc1ccc(C(F)(F)F)cc1)c1ccccc1,,,-1.7781512503836436,-1.9030899869919435,,,-1.3010299956639813,,,-1.7781512503836436,-1.9030899869919435,-1.3010299956639813,-1.7781512503836436,,-1.7781512503836436,-1.3010299956639813,,-1.9030899869919435,-1.7781512503836436,,
-0.6989700043360189,CO[C@H]1O[C@H](COS(=O)(=O)[O-])[C@@H](O[C@@H]2O[C@@H](C(=O)[O-])[C@@H](O[C@H]3O[C@H](COS(=O)(=O)[O-])[C@@H](O[C@@H]4O[C@H](C(=O)[O-])[C@@H](O[C@H]5O[C@H](COS(=O)(=O)[O-])[C@@H](O)[C@H](O)[C@H]5NS(=O)(=O)[O-])[C@H](O)[C@H]4O)[C@H](OS(=O)(=O)[O-])[C@H]3NS(=O)(=O)[O-])[C@H](O)[C@H]2OS(=O)(=O)[O-])[C@H](O)[C@H]1NS(=O)(=O)[O-],,,,,,,,,,,,,,,,,,-0.6989700043360189,,,
-2.397940008672037,COc1cc2ncnc(Nc3ccc(F)c(Cl)c3)c2cc1OCCCN1CCOCC1,,,,,,,,,-2.397940008672037,-2.397940008672037,,,-2.397940008672037,,,,-2.397940008672037,,,,
-0.9030899869919436,CCC1=C(C)CN(C(=O)NCCc2ccc(S(=O)(=O)NC(=O)N[C@H]3CC[C@H](C)CC3)cc2)C1=O,,,,,-0.9030899869919436,,,,,-0.9030899869919436,,,-0.9030899869919436,,,,,,-0.9030899869919436,,
-1.4771212547196624,NC(=O)NO,,,,,,,,,,,,,,,,,-1.1760912590556811,,,,
-2.6232492903979003,C=CC(=O)N1CCC[C@@H](n2nc(-c3ccc(Oc4ccccc4)cc3)c3c(N)ncnc32)C1,,,-2.6232492903979003,,-2.6232492903979003,,,,,-2.7481880270062,,,,-2.6232492903979003,,,-2.7481880270062,-2.6232492903979003,,,
-3.0791812460476247,CC(C)Cc1ccc(C(C)C(=O)O)cc1,,,,,,,-0.7781512503836436,,,-3.505149978319906,-3.0791812460476247,,-3.0791812460476247,,,,-2.3010299956639813,,-3.0791812460476247,,-0.7781512503836436
-3.845098040014257,CC/C=C\C/C=C\C/C=C\C/C=C\C/C=C\CCCC(=O)OCC,,,,,,,,,,,,,,,,,,,,,
-2.4771212547196626,CN(C)CCCN1c2ccccc2CCc2ccccc21,,,,,,,,,,,,,,,,,,,-2.4771212547196626,,
-2.4771212547196626,CCCCC1=NC2(CCCC2)C(=O)N1Cc1ccc(-c2ccccc2-c2nnn[nH]2)cc1,,,,,,,,,,,,,-2.4771212547196626,,,,-2.4771212547196626,,-2.4771212547196626,,
-2.6020599913279625,CCC(C)n1ncn(-c2ccc(N3CCN(c4ccc(OCC5COC(Cn6cncn6)(c6ccc(Cl)cc6Cl)O5)cc4)CC3)cc2)c1=O,,,,-2.3010299956639813,-2.6020599913279625,-2.6020599913279625,,,,-2.3010299956639813,,,-2.6020599913279625,,-2.3010299956639813,-2.6020599913279625,-2.3010299956639813,-2.6020599913279625,-2.6020599913279625,-2.6020599913279625,
-2.6989700043360187,N#Cc1ccnc(N2C(=O)CC[C@H]2C(=O)N(c2cncc(F)c2)[C@H](C(=O)NC2CC(F)(F)C2)c2ccccc2Cl)c1,,,,,,,,,,,,,,,,,,,,-2.6989700043360187,
-0.6020599913279624,CC(C(=O)O)c1cccc(C(=O)c2ccccc2)c1,-0.6020599913279624,,,,,-2.3521825181113627,,,,-2.0,,-2.3010299956639813,-2.1760912590556813,,-2.0,,-2.0,-2.3010299956639813,-2.0,,-2.0
-2.7781512503836434,COC[C@@H](NC(C)=O)C(=O)NCc1ccccc1,,,,-2.7781512503836434,,,,,,,,,-2.7781512503836434,-2.7781512503836434,,,-2.7781512503836434,,-2.7781512503836434,-1.0791812460476249,
-2.7781512503836434,Nc1nnc(-c2cccc(Cl)c2Cl)c(N)n1,,,,-2.6989700043360187,,,,-2.3010299956639813,,-2.6989700043360187,-2.3010299956639813,,-2.7781512503836434,-2.7781512503836434,,,-2.7781512503836434,-2.8750612633917,,,
-1.7781512503836436,Cc1c(OCC(F)(F)F)ccnc1CS(=O)c1nc2ccccc2[nH]1,,,,-1.7781512503836436,-1.7781512503836436,-1.7781512503836436,,,,,,,-1.7781512503836436,,,,-1.954242509439325,-1.954242509439325,-1.7781512503836436,-1.4771212547196624,
-2.681241237375587,COc1cccc(N2CCN(C3=Nc4c(F)cccc4[C@H](CC(=O)O)N3c3cc(C(F)(F)F)ccc3OC)CC2)c1,,,,,,,,,,,,,,,,,,-2.681241237375587,,,
-1.0,O=C(O)COCCN1CCN([C@H](c2ccccc2)c2ccc(Cl)cc2)CC1,,,-0.6989700043360189,,-1.0,-1.0,,,,,,,-1.0,,,,-0.6989700043360189,,-0.6989700043360189,,
-2.6989700043360187,C[C@H]1COc2c(N3CCN(C)CC3)c(F)cc3c(=O)c(C(=O)O)cn1c23,,,-2.397940008672037,-2.8750612633917,,,,,,-2.8750612633917,-2.6989700043360187,-2.380211241711606,-2.6989700043360187,,,,-2.8750612633917,-2.8750612633917,-2.6989700043360187,,
-0.9030899869919436,CCCCCCCCCCCCCCCC(=O)N[C@@H](CCC(=O)NCCCC[C@H](NC(=O)[C@H](C)NC(=O)[C@H](C)NC(=O)[C@H](CCC(N)=O)NC(=O)CNC(=O)[C@H](CCC(=O)O)NC(=O)[C@@H](CC(C)C)NC(=O)[C@H](Cc1ccc(O)cc1)NC(=O)[C@H](CO)NC(=O)[C@H](CO)NC(=O)[C@@H](NC(=O)[C@H](CC(=O)O)NC(=O)[C@H](CO)NC(=O)[C@@H](NC(=O)[C@H](Cc1ccccc1)NC(=O)[C@@H](NC(=O)CNC(=O)[C@H](CCC(=O)O)NC(=O)[C@H](C)NC(=O)[C@@H](N)Cc1cnc[nH]1)[C@@H](C)O)[C@@H](C)O)C(C)C)C(=O)N[C@@H](CCC(=O)O)C(=O)N[C@@H](Cc1ccccc1)C(=O)N[C@H](C(=O)N[C@@H](C)C(=O)N[C@@H](Cc1c[nH]c2ccccc12)C(=O)N[C@@H](CC(C)C)C(=O)N[C@H](C(=O)N[C@@H](CCCNC(=N)N)C(=O)NCC(=O)N[C@@H](CCCNC(=N)N)C(=O)NCC(=O)O)C(C)C)[C@@H](C)CC)C(=O)O,-0.9030899869919436,-0.4771212547196624,-0.4771212547196624,-0.9030899869919436,-0.9030899869919436,,,,-0.9030899869919436,-0.9030899869919436,,-0.9030899869919436,-0.4771212547196624,-0.4771212547196624,,,,-0.4771212547196624,-0.4771212547196624,-0.4771212547196624,
-1.0,CCOC(=O)N1CCC(=C2c3ccc(Cl)cc3CCc3cccnc32)CC1,,,,,,,,,,-1.0,-1.0,,-1.0,,-1.0,,-1.0,,-1.0,,
-2.0,C[C@H]1Oc2cc(cnc2N)-c2c(nn(C)c2C#N)CN(C)C(=O)c2ccc(F)cc21,,,-2.0,,,,,,,,,-2.0,,,-2.0,,-2.0,,-2.0,,
-0.4771212547196624,CCCCCCO[C@@H](C)c1cccc(-c2csc(NC(=O)c3cc(Cl)c(/C=C(\C)C(=O)O)c(Cl)c3)n2)c1OC,,,,,,,,,-0.4771212547196624,,,,,,,,,,,,
-1.0,Cc1cnc(NC(=O)C2=C(O)c3ccccc3S(=O)(=O)N2C)s1,,,,,,,,,,-1.1760912590556811,,,-1.0,,,,-1.1760912590556811,-1.0,-1.1760912590556811,-1.0,
-2.0791812460476247,C[C@@H](O)[C@H]1C(=O)N2C(C(=O)O)=C(S[C@@H]3CN[C@H](C(=O)N(C)C)C3)[C@H](C)[C@H]12,,,,,,,-0.9030899869919436,,,,,,,,,-1.6020599913279625,,-0.9030899869919436,-0.9030899869919436,,
-3.6989700043360183,Nc1ccc(O)c(C(=O)O)c1,,,-3.903089986991944,,,-3.6989700043360183,-3.903089986991944,-3.6989700043360183,,-3.6989700043360183,-3.6989700043360183,,-3.6989700043360183,,,,-2.6989700043360187,-3.6020599913279625,-3.6020599913279625,-3.6020599913279625,
-0.4771212547196624,COC(=O)C(c1ccccc1)C1CCCCN1,,,,,,,,,,,,-1.7323937598229686,,,-1.8573324964312683,,,,,-2.0,
-0.4771212547196624,Cc1cccc(C)c1OCC(C)N,-0.4771212547196624,,,,,,,,,,,,-0.4771212547196624,,,,,,,,
-0.6989700043360189,CCCCCOc1ccc(-c2cc(-c3ccc(C(=O)N[C@H]4C[C@@H](O)[C@@H](O)NC(=O)[C@@H]5[C@@H](O)[C@@H](C)CN5C(=O)[C@H]([C@H](O)CC(N)=O)NC(=O)[C@H]([C@H](O)[C@@H](O)c5ccc(O)c(OS(=O)(=O)[O-])c5)NC(=O)[C@@H]5C[C@@H](O)CN5C(=O)[C@H]([C@@H](C)O)NC4=O)cc3)no2)cc1,,,-2.1760912590556813,-1.6989700043360187,-1.0413926851582251,,-2.1760912590556813,,-2.1760912590556813,-0.9030899869919436,,-2.1760912590556813,-2.1760912590556813,-1.0,-2.1760912590556813,-2.3010299956639813,-2.1760912590556813,-2.1760912590556813,-0.6989700043360189,-2.0,
-2.4771212547196626,CCCCN1C[C@H](O)[C@@H](O)[C@H](O)[C@H]1CO,,,,,,,,,,,,,,,,,,,,,
-2.3010299956639813,CCN(CC)C(=O)[C@]1(c2ccccc2)C[C@@H]1CN,,,,,,,,-2.3010299956639813,,,-2.3010299956639813,-2.3010299956639813,-2.0,,-2.3010299956639813,,,,,,
-2.1760912590556813,CCCCCCCCCCCCCCCCOP(=O)([O-])OCC[N+](C)(C)C,,,,,,,,,,,,,,,,,-2.3010299956639813,-2.1760912590556813,-2.0,,
-2.3010299956639813,Nc1nc(CC(=O)Nc2ccc(CCNC[C@H](O)c3ccccc3)cc2)cs1,,-2.0,,,,,,,,,,,,,,,-2.0,,,-2.0,
-2.3010299956639813,C[C@@H]1C[C@H]2[C@@H]3CCC4=CC(=O)C=C[C@]4(C)[C@@]3(Cl)[C@@H](O)C[C@]2(C)[C@@]1(OC(=O)c1ccco1)C(=O)CCl,,,,,,,,,,,,,-2.6020599913279625,,,,,-2.6020599913279625,,,
-3.3010299956639813,CO[C@@]1(NC(=O)C(C(=O)[O-])c2ccc(O)cc2)C(=O)N2C(C(=O)[O-])=C(CSc3nnnn3C)CO[C@@H]21,,,,,,,,,,,,,,,,,,,,,
-3.6989700043360183,COc1c(C)c2c(c(O)c1C/C=C(\C)CCC(=O)OCCN1CCOCC1)C(=O)OC2,,,,,,,-3.4771212547196626,,,,,,-3.6989700043360183,,-3.544068044350276,,,-3.4771212547196626,-3.4771212547196626,,
-0.3010299956639812,Cc1ccnc2c1NC(=O)c1cccnc1N2C1CC1,-2.6020599913279625,,,-2.6020599913279625,,-2.6020599913279625,,-2.6020599913279625,,-2.3010299956639813,-2.6020599913279625,,-2.6020599913279625,,,-1.146128035678238,-2.6020599913279625,-2.6020599913279625,-2.6020599913279625,,-2.6020599913279625
-1.6020599913279625,COC(=O)C1=C(C)NC(C)=C(C(=O)OCCN(C)Cc2ccccc2)C1c1cccc([N+](=O)[O-])c1,,,,,,,,,,,,,,,,,,,,,
-2.903089986991944,Cc1cn(-c2cc(NC(=O)c3ccc(C)c(Nc4nccc(-c5cccnc5)n4)c3)cc(C(F)(F)F)c2)cn1,,,,-2.7781512503836434,-2.903089986991944,,,,,-2.903089986991944,,,-2.6020599913279625,,,-2.6020599913279625,-2.903089986991944,-2.7781512503836434,-2.6020599913279625,-2.7781512503836434,-2.903089986991944
-0.3010299956639812,O=C1CCCC(=O)C1C(=O)c1ccc(C(F)(F)F)cc1[N+](=O)[O-],,,,,,,,,-0.3010299956639812,-0.3010299956639812,,,,,,-0.3010299956639812,,,,,
-2.4771212547196626,CN1Cc2c(N)cccc2C(c2ccccc2)C1,,,,,,,,,,,-2.0,,-2.0,,-2.4771212547196626,,,,-2.0,,
-2.1760912590556813,CNCCC=C1c2ccccc2CCc2ccccc21,,,,,,,,,,,,,,,,,,,-2.1760912590556813,,
-2.6020599913279625,CC1COc2c(N3CCN(C)CC3)c(F)cc3c(=O)c(C(=O)O)cn1c23,,,,,-0.6020599913279624,,,,,,-2.903089986991944,,-2.903089986991944,,,,,-2.903089986991944,-2.6020599913279625,,
-1.3010299956639813,Cc1cc2c(s1)Nc1ccccc1N=C2N1CCN(C)CC1,,,,-1.0,-0.6989700043360189,-1.3010299956639813,,,,,,-1.3010299956639813,-0.6989700043360189,,,-1.0,,-0.0,-1.3010299956639813,-1.3010299956639813,-1.0
-0.6989700043360189,CN(C)CC/C=C1/c2ccccc2COc2ccc(CC(=O)O)cc21,-0.6989700043360189,,,,,,,,,,,,,,,,,,-0.6989700043360189,,
-2.0791812460476247,CCCCCCCCCCC[C@@H](C[C@@H]1OC(=O)[C@H]1CCCCCC)OC(=O)[C@H](CC(C)C)NC=O,,,-2.0791812460476247,-2.0791812460476247,,-2.0791812460476247,,,,-2.0791812460476247,,-2.0791812460476247,-2.0791812460476247,,-2.0791812460476247,-2.0791812460476247,-2.0791812460476247,,-2.0791812460476247,,
-3.5563025007672877,NC(=O)N1c2ccccc2CC(=O)c2ccccc21,,,,-3.380211241711606,,,,,,-3.5563025007672877,-3.380211241711606,,-3.380211241711606,,-3.5563025007672877,-3.5563025007672877,-3.5563025007672877,,-3.5563025007672877,,-3.380211241711606
-1.8750612633917,Fc1ccc([C@@H]2CCNC[C@H]2COc2ccc3c(c2)OCO3)cc1,,,-1.3010299956639813,-1.8750612633917,,,,,,,-1.8750612633917,,-1.7781512503836436,,,,-1.6989700043360187,-1.7781512503836436,-1.8750612633917,,
-2.903089986991944,Cc1ccc(Nc2nccc(N(C)c3ccc4c(C)n(C)nc4c3)n2)cc1S(N)(=O)=O,,,,,,,,,,-2.903089986991944,-2.903089986991944,,-2.903089986991944,,-2.903089986991944,,-2.903089986991944,-2.903089986991944,-2.903089986991944,-2.903089986991944,
-0.6989700043360189,N=C1NC(=O)C(c2ccccc2)O1,,,,,,,,,,-0.7781512503836436,,,,,,,,,,,
-3.0,CC(C)(S)[C@H](N)C(=O)O,,,,,-0.0,,-3.3010299956639813,,,-0.0,,,-3.3010299956639813,,,,,,,,-0.0
-0.6989700043360189,O=C1NC(=O)C(c2ccccc2)(c2ccccc2)N1,,,,,,,,,,,,,,,-0.6989700043360189,-0.6989700043360189,-0.6989700043360189,,-0.6989700043360189,,-0.6989700043360189
-2.4771212547196626,O=C1NC([O-])=NC1(c1ccccc1)c1ccccc1,,,,,,,,,,,,,,,-2.4771212547196626,,,,,,-2.4771212547196626
-2.1760912590556813,CC(/N=C(\NC#N)Nc1ccncc1)C(C)(C)C,,,-0.3010299956639812,,,,,,,,,,,,,,,,,,
-1.6532125137753435,CCc1ccc(CCOc2ccc(CC3SC(=O)NC3=O)cc2)nc1,,,-1.6532125137753435,-1.6532125137753435,,,-1.6532125137753435,,,-1.6532125137753435,,,-1.6532125137753435,-1.6532125137753435,-1.6532125137753435,,,,,,
-3.3807537708039,Cc1ccc(=O)n(-c2ccccc2)c1,,,,,,,,,,,,,-3.3807537708039,,,,,,,-0.4771212547196624,
-0.3010299956639812,O=C([O-])C[C@H](O)C[C@H](O)/C=C/c1c(C2CC2)nc2ccccc2c1-c1ccc(F)cc1,,,,,,,-0.0,,,-0.6020599913279624,,-0.6020599913279624,-0.6020599913279624,,,,,-0.6020599913279624,-0.6020599913279624,-0.6020599913279624,
-2.6020599913279625,CC[C@@H]([C@H](C)O)n1ncn(-c2ccc(N3CCN(c4ccc(OC[C@@H]5CO[C@@](Cn6cncn6)(c6ccc(F)cc6F)C5)cc4)CC3)cc2)c1=O,,,-2.3010299956639813,-2.3010299956639813,-2.903089986991944,-2.4771212547196626,-2.3010299956639813,,,-2.3010299956639813,-2.3010299956639813,-2.3010299956639813,-2.903089986991944,,-2.903089986991944,-2.903089986991944,-2.4771212547196626,-2.4771212547196626,-2.7781512503836434,-2.4771212547196626,
-0.6989700043360189,CCCN[C@H]1CCc2nc(N)sc2C1,,,-0.6989700043360189,-0.6989700043360189,,,,,,-0.6989700043360189,,,-0.6989700043360189,,,,,,-0.4771212547196624,-0.6989700043360189,
-1.0,CC(=O)Oc1cc2c(s1)CCN(C(C(=O)C1CC1)c1ccccc1F)C2,,,,,,,,,,,,,,,,,,,,,
-2.9542425094393248,CCCNCC(O)COc1ccccc1C(=O)CCc1ccccc1,,,,-2.5118833609788744,,,,,,,,,,,,-2.628388930050312,,,,,
-1.6020599913279625,CNCCCC1c2ccccc2C=Cc2ccccc21,,,,,,,,,,,,,,,,,,,-1.6020599913279625,,
-1.3010299956639813,COCCCOc1ccnc(CS(=O)c2nc3ccccc3[n-]2)c1C,,,-1.0,-1.3010299956639813,,,,,,,,-1.0,-1.3010299956639813,,-1.3010299956639813,,,-1.3010299956639813,-1.3010299956639813,-1.3010299956639813,
-1.7781512503836436,O=C(c1ccc(OCCN2CCCCC2)cc1)c1c(-c2ccc(O)cc2)sc2cc(O)ccc12,,,-1.7781512503836436,-2.0791812460476247,,,,,,,,,,,,,,,,,
-0.3010299956639812,CCOC(=O)[C@H](CCc1ccccc1)N[C@@H](C)C(=O)N1[C@H](C(=O)O)C[C@@H]2CCC[C@@H]21,,,,,,-1.0,-0.3010299956639812,,,-0.3010299956639812,,,-0.3010299956639812,,,,,,-1.3010299956639813,,
-0.6020599913279624,CN/C(=C/[N+](=O)[O-])NCCSCc1ccc(CN(C)C)o1,,,,-2.4771212547196626,,-2.4771212547196626,-2.4771212547196626,,,-2.4771212547196626,-2.1760912590556813,,-2.4771212547196626,,-2.4771212547196626,,-2.4771212547196626,,-2.4771212547196626,,
-2.204119982655925,CNC(=O)c1cc(Oc2ccc(NC(=O)Nc3ccc(Cl)c(C(F)(F)F)c3)c(F)c2)ccn1,,,-1.4471580313422192,-2.204119982655925,-2.204119982655925,,,,-2.204119982655925,-2.204119982655925,-2.204119982655925,,,,-2.204119982655925,,-2.204119982655925,-2.204119982655925,-2.204119982655925,-2.204119982655925,
-2.0791812460476247,CONC(=O)Nc1ccc(-c2sc3c(c2CN(C)C)c(=O)n(-c2ccc(OC)nn2)c(=O)n3Cc2c(F)cccc2F)cc1,,,,,,,,,,,,,,,,,,,,,
-1.2041199826559248,CCOc1cc(CC(=O)N[C@@H](CC(C)C)c2ccccc2N2CCCCC2)ccc1C(=O)O,,,,,,,,,,,,,,,,,,,,,
-1.1760912590556811,NC(=O)c1ncn([C@@H]2O[C@H](CO)[C@@H](O)[C@H]2O)n1,,,,-3.146128035678238,,,,,,,,,-3.146128035678238,,,-3.146128035678238,-0.3010299956639812,-3.146128035678238,-3.146128035678238,,
-2.6020599913279625,CO[C@H]1/C=C/O[C@@]2(C)Oc3c(C)c(O)c4c(O)c(c5c(nc6cc(C)ccn65)c4c3C2=O)NC(=O)/C(C)=C\C=C\[C@H](C)[C@H](O)[C@@H](C)[C@@H](O)[C@@H](C)[C@H](OC(C)=O)[C@@H]1C,,,,,,,,,-0.3010299956639812,-0.3010299956639812,,,,-0.3010299956639812,,,,,-0.3010299956639812,,
-2.3010299956639813,Nc1nc2ccc(OC(F)(F)F)cc2s1,,,-2.3010299956639813,,-2.0,,,,,,,,-2.3010299956639813,,,,-2.0,,-2.0,-1.6989700043360187,
-0.7781512503836436,Cc1nc2n(c(=O)c1CCN1CCC(c3noc4cc(F)ccc34)CC1)CCCC2,,,-1.2041199826559248,-1.2041199826559248,,-1.2041199826559248,,,,-1.2041199826559248,,-1.6989700043360187,-1.6989700043360187,,-1.2041199826559248,-1.6989700043360187,,-0.7781512503836436,-1.6989700043360187,,
-1.3010299956639813,O=C(NC[C@H]1CN(c2ccc(N3CCOCC3=O)cc2)C(=O)O1)c1ccc(Cl)s1,-0.3010299956639812,,-1.3010299956639813,-1.3010299956639813,-1.0,-1.0,,,-0.3010299956639812,-0.3010299956639812,-1.4771212547196624,-1.0,-1.0,-1.3010299956639813,-1.3010299956639813,-1.0,-1.7781512503836436,-1.3010299956639813,-1.3010299956639813,-1.0,-1.0
-3.0791812460476247,CC(C)(C)NC(=O)[C@@H]1C[C@@H]2CCCC[C@@H]2CN1C[C@@H](O)[C@H](Cc1ccccc1)NC(=O)[C@H](CC(N)=O)NC(=O)c1ccc2ccccc2n1,,,,,-3.5563025007672877,,,,,,,,,,,,,,,,
-3.204119982655925,CC(C)N(CCCCOCC(=O)NS(C)(=O)=O)c1cnc(-c2ccccc2)c(-c2ccccc2)n1,,,,,,,,,-3.204119982655925,-3.204119982655925,,-3.204119982655925,,-3.204119982655925,,,,-3.204119982655925,,,
-0.9030899869919436,C[C@H](Cc1cc2c(c(C(N)=O)c1)N(CCCO)CC2)NCCOc1ccccc1OCC(F)(F)F,,,,,,,,-0.9030899869919436,,,,,,,,,,,-0.9030899869919436,,
-0.6989700043360189,CO[C@H]1C[C@@H]2CC[C@@H](C)[C@@](O)(O2)C(=O)C(=O)N2CCCC[C@H]2C(=O)O[C@H]([C@H](C)C[C@@H]2CC[C@@H](O)[C@H](OC)C2)CC(=O)[C@H](C)/C=C(\C)[C@@H](O)[C@@H](OC)C(=O)[C@H](C)C[C@H](C)/C=C/C=C/C=C/1C,,,,,,,,,,-0.3010299956639812,-0.6989700043360189,,-0.6989700043360189,,,,-0.3010299956639812,,,,
-1.380211241711606,CCOC(=O)[C@H](CCc1ccccc1)N[C@@H](C)C(=O)N1CC2(C[C@H]1C(=O)O)SCCS2,,,,,,,,,,,,,,,,,,,,,-1.380211241711606
-1.6989700043360187,O=C(O)c1cc(/N=N/c2ccc(S(=O)(=O)Nc3ccccn3)cc2)ccc1O,,,,,,,-3.6020599913279625,-3.6020599913279625,,-3.6020599913279625,-3.6020599913279625,,-3.6020599913279625,,-3.6020599913279625,,-3.6020599913279625,,-3.6020599913279625,,
-1.8750612633917,CCN(CC)CCNC(=O)c1c(C)[nH]c(/C=C2\C(=O)Nc3ccc(F)cc32)c1C,,,-1.8750612633917,,,,,,,-1.8750612633917,,,-1.8750612633917,-1.8750612633917,,,-1.8750612633917,,,,
-0.4771212547196624,C=CC[C@@H]1/C=C(\C)C[C@H](C)C[C@H](OC)[C@H]2O[C@@](O)(C(=O)C(=O)N3CCCC[C@H]3C(=O)O[C@H](/C(C)=C/[C@H]3CC[C@@H](O)[C@@H](OC)C3)[C@H](C)[C@@H](O)CC1=O)[C@H](C)C[C@@H]2OC,,,,,-0.4771212547196624,,-0.3010299956639812,,,-1.4771212547196624,-1.230448921378274,-1.230448921378274,-0.4771212547196624,,-0.6989700043360189,,-0.3010299956639812,-0.6989700043360189,-1.230448921378274,,
-0.6989700043360189,CN1CC(=O)N2[C@H](Cc3c([nH]c4ccccc34)[C@H]2c2ccc3c(c2)OCO3)C1=O,,,-0.6989700043360189,-2.0,,,,,,,,,,,,,,,,-0.6989700043360189,
-2.903089986991944,CC[C@H]1OC(=O)[C@H](C)C(=O)[C@H](C)[C@@H](O[C@@H]2O[C@H](C)C[C@H](N(C)C)[C@H]2O)[C@](C)(OC)C[C@@H](C)C(=O)[C@H](C)[C@@H]2N(CCCCn3cnc(-c4cccnc4)c3)C(=O)O[C@@]21C,,,,,,,-2.903089986991944,-2.903089986991944,,-2.903089986991944,-2.903089986991944,,-2.903089986991944,,-2.903089986991944,,,,-2.903089986991944,-2.903089986991944,
-1.9030899869919435,CCCc1nc2c(C)cc(-c3nc4ccccc4n3C)cc2n1Cc1ccc(-c2ccccc2C(=O)O)cc1,,,,,,,,,,,,,,,,,,,,,
-1.146128035678238,C/C(O)=C(\C#N)C(=O)Nc1ccc(C(F)(F)F)cc1,-1.146128035678238,,-1.146128035678238,-0.8450980400142568,-0.8450980400142568,,,,,,,-1.146128035678238,-0.8450980400142568,-0.8450980400142568,,-0.8450980400142568,-1.146128035678238,,-1.146128035678238,-0.8450980400142568,-1.146128035678238
-1.0791812460476249,CN(C)c1cc(NC(=O)CNC(C)(C)C)c(O)c2c1C[C@H]1C[C@H]3[C@H](N(C)C)C(O)=C(C(N)=O)C(=O)[C@@]3(O)C(O)=C1C2=O,,,,,-2.0,,,,,-1.6989700043360187,,,,,,,,-1.6989700043360187,-2.0,-1.6989700043360187,
-1.5563025007672873,Clc1ccc2nsnc2c1NC1=NCCN1,,,,,-1.5563025007672873,,-1.5563025007672873,,,,,,-1.5563025007672873,,-1.5563025007672873,,-1.5563025007672873,,-1.5563025007672873,,
-2.0791812460476247,Cc1ccccc1C(=O)Nc1ccc(C(=O)N2CCCC(O)c3cc(Cl)ccc32)c(C)c1,,,,,,,,,,-2.0791812460476247,,,-1.954242509439325,,-2.0791812460476247,,-2.0791812460476247,,-2.0791812460476247,-2.0791812460476247,
-2.903089986991944,CC1(C)O[C@@H]2CO[C@@]3(COS(N)(=O)=O)OC(C)(C)O[C@H]3[C@@H]2O1,,,-2.6020599913279625,-3.0791812460476247,,,,,,-3.0,,-2.0,-3.0791812460476247,,-1.3979400086720375,-1.6989700043360187,,,,,
-0.6020599913279624,CCOC(=O)[C@H](CCc1ccccc1)N[C@@H](C)C(=O)N1[C@H](C(=O)O)C[C@H]2CCCC[C@@H]21,,,-0.6020599913279624,-0.3010299956639812,,,,,,,,-0.6020599913279624,-0.6020599913279624,,,,,,,,
-0.6020599913279624,CO[C@H]1C[C@H](O[C@@H]2[C@@H](C)C(=O)O[C@H](C)[C@H](C)[C@H](OC(C)=O)[C@@H](C)C(=O)[C@]3(CO3)C[C@H](C)[C@H](O[C@@H]3O[C@H](C)C[C@H](N(C)C)[C@H]3OC(C)=O)[C@H]2C)O[C@@H](C)[C@@H]1OC(C)=O,,,,,,,,,,,,,,,,,-0.6020599913279624,,-3.845098040014257,,
-1.0,CC(=O)O[C@]1(C(C)=O)CC[C@H]2[C@@H]3CCC4=CC(=O)CCC4=C3[C@@H](c3ccc(N(C)C)cc3)C[C@@]21C,-0.6989700043360189,-0.6989700043360189,,-1.0,,,,,,-1.0,-1.0,,,,-1.0,,-0.6989700043360189,,-0.6989700043360189,-1.0,-0.6989700043360189
-2.9542425094393248,CC(C)[C@H](N)C(=O)OCC(CO)OCn1cnc2c(=O)[nH]c(N)nc21,,,,,,,,,,,,,-2.9542425094393248,,,,,,,,
-2.9822712330395684,CCCS(=O)(=O)Nc1ccc(F)c(C(=O)c2c[nH]c3ncc(-c4ccc(Cl)cc4)cc23)c1F,,,,-2.9822712330395684,-2.9822712330395684,,,,,,,,,,,,-2.9822712330395684,-2.9822712330395684,,-2.9822712330395684,
-1.8750612633917,O=C(Nc1ccc(C[C@@H]2CC[C@H]([C@H](O)c3ccccc3)N2)cc1)[C@@H]1CCc2nccc(=O)n21,,,,,,,,,,,,,,,,,,,,,
-1.0,Nc1ncnc2c1ncn2[C@@H]1O[C@H](CO)[C@@H](O)[C@@H]1O,,,,,,,,,,,,,,,,,,,,,
-1.9030899869919435,C=CC(N)CCC(=O)O,-3.6989700043360183,,-3.7781512503836434,-3.7781512503836434,-3.7781512503836434,,,-3.7781512503836434,,-3.7781512503836434,-2.1760912590556813,,-3.7781512503836434,,,-3.7781512503836434,-3.7781512503836434,,-3.7781512503836434,-3.7781512503836434,-3.0
-2.0,N#C[C@H]1CCCN1C(=O)CN[C@@]12C[C@@H]3C[C@@H](C[C@@](O)(C3)C1)C2,,,,-1.6989700043360187,,,,,,,,,-2.0,-1.6989700043360187,,,,,,,
-0.6020599913279624,C[C@@H](c1ncncc1F)[C@](O)(Cn1cncn1)c1ccc(F)cc1F,,,-1.0791812460476249,-1.0791812460476249,-1.0791812460476249,-2.4771212547196626,-2.4771212547196626,,,-2.4771212547196626,-2.4771212547196626,,-2.4771212547196626,,-1.0791812460476249,-0.9030899869919436,-2.544068044350276,-2.4771212547196626,-2.4771212547196626,-1.0791812460476249,
-1.0,COc1cc(C(=O)NS(=O)(=O)c2ccccc2C)ccc1Cc1cn(C)c2ccc(NC(=O)OC3CCCC3)cc12,,,,,,,,-1.3010299956639813,,-1.3010299956639813,-1.9030899869919435,,-1.3010299956639813,,,-1.9030899869919435,,-1.3010299956639813,-1.9030899869919435,-1.3010299956639813,
-1.3979400086720375,Nc1ccn([C@H]2CC[C@@H](CO)O2)c(=O)n1,,,-1.3979400086720375,,,,,,,,,,-1.3979400086720375,,-1.3979400086720375,-1.3979400086720375,,-1.3979400086720375,-1.3979400086720375,,
-2.7781512503836434,CC(=O)N[C@@H]1[C@@H](NC(=N)N)C=C(C(=O)O)O[C@H]1[C@H](O)[C@H](O)CO,,,,,,,,,-1.0,-2.7781512503836434,,,-2.7781512503836434,,-2.7781512503836434,,,-2.7781512503836434,,-2.7781512503836434,
-3.0791812460476247,CC(c1cc2ccccc2s1)N(O)C(N)=O,,,-2.7781512503836434,,,,,,,,,,-0.6020599913279624,,,-2.7781512503836434,,-0.6020599913279624,-0.6020599913279624,,
-2.4771212547196626,Cc1cc(CC(=O)O)n(C)c1C(=O)c1ccc(Cl)cc1,,,,-2.7781512503836434,,,,,,,,,-2.7781512503836434,,,,,,-2.7781512503836434,,
-0.9030899869919436,NS(=O)(=O)Cc1noc2ccccc12,,,-2.845098040014257,-2.6989700043360187,,-2.845098040014257,,,,-2.845098040014257,,,,,-2.6989700043360187,,,,,,
,O=c1ccc2ccc(OCCCCN3CCN(c4cccc5sccc45)CC3)cc2[nH]1,-0.4771212547196624,,-0.4771212547196624,-0.4771212547196624,,,,,,,,,,-0.6020599913279624,,,,,,-0.6020599913279624,
,CC(C)(C)NCC(O)COc1cccc2c1CCC(=O)N2,-1.0,,,,,,,,,,,,-1.0,,,,,,-1.0,,
,Nc1nc(Cl)nc2c1ncn2[C@@H]1C[C@H](O)[C@@H](CO)O1,-1.3979400086720375,,-1.1139433523068367,-1.3979400086720375,,,,-1.3979400086720375,,-0.9542425094393248,,,-1.3979400086720375,-1.3979400086720375,,,,-1.3979400086720375,,-0.6989700043360189,-0.6989700043360189
,C[C@@H]1CCO[C@H]2Cn3cc(C(=O)NCc4ccc(F)cc4F)c(=O)c([O-])c3C(=O)N21,-2.0,,,-2.0,,,,,-2.0,-2.0,-2.0,-2.0,-1.6989700043360187,,-2.0,-2.0,-2.0,-2.0,-1.6989700043360187,-1.6989700043360187,-2.0
,O=C1Nc2ccc(Cl)cc2[C@@](C#CC2CC2)(C(F)(F)F)O1,-2.7781512503836434,,,,,,,,,-2.7781512503836434,,,-2.7781512503836434,-2.7781512503836434,,-2.7781512503836434,-2.7781512503836434,-2.7781512503836434,-2.7781512503836434,,
,Cc1nnc(C(=O)NC(C)(C)c2nc(C(=O)NCc3ccc(F)cc3)c([O-])c(=O)n2C)o1,-2.6020599913279625,,,,,,,,,-2.6020599913279625,,-2.6020599913279625,-2.6020599913279625,-2.6020599913279625,,-2.6020599913279625,,-2.6020599913279625,-2.6020599913279625,-0.7781512503836436,
,COc1ccc(CN2C3CC2CN(c2ccc(-c4cc(OCC(C)(C)O)cn5ncc(C#N)c45)cn2)C3)cn1,-2.380211241711606,,,,,,,,,,,,,,,,-2.204119982655925,,,,
,CC(C)n1nccc1-c1ncccc1COc1cccc(O)c1C=O,-2.9542425094393248,,,,,,,,,,,,,,,,,,,,
,COC(c1ccccc1)(c1ccccc1)[C@H](Oc1nc(C)cc(C)n1)C(=O)O,,-1.0,,-1.0,,,,,,-1.0,,,-1.0,-1.0,,,-1.0,,,-1.0,
,CN(C)c1ccc(O)c2c1C[C@H]1C[C@H]3[C@H](N(C)C)C(O)=C(C(N)=O)C(=O)[C@@]3(O)C(O)=C1C2=O,,-0.0,,,,,,,,-0.0,,,-0.0,,,,-0.0,,-0.0,-0.0,
,Clc1ccc(C(c2ccccc2Cl)C(Cl)Cl)cc1,,-3.7781512503836434,,,,,,,,,,,,-3.7781512503836434,-3.7781512503836434,,-3.7781512503836434,,,,
,CC(C)c1nc(N(C)S(C)(=O)=O)nc(-c2ccc(F)cc2)c1/C=C/[C@@H](O)C[C@@H](O)CC(=O)[O-],,-1.3010299956639813,,-1.6020599913279625,,,,,,-1.6020599913279625,,,-1.6020599913279625,-1.6020599913279625,,,,-1.6020599913279625,-1.6020599913279625,-1.6020599913279625,
,CC#CC(=O)N1CCC[C@H]1c1nc(-c2ccc(C(=O)Nc3ccccn3)cc2)c2c(N)nccn12,,,-1.4471580313422192,,,,-1.4471580313422192,,,,,,-2.0,-1.4471580313422192,,,-2.0,-2.0,-2.0,,
,COc1cc(C)c(/C=C/C(C)=C/C=C/C(C)=C/C(=O)O)c(C)c1C,,,-1.6989700043360187,-1.6989700043360187,-1.6989700043360187,,-1.6989700043360187,-1.6989700043360187,-1.6989700043360187,-1.6989700043360187,,-1.6989700043360187,-1.6989700043360187,,-1.6989700043360187,-1.6989700043360187,-1.3979400086720375,-1.3979400086720375,,,-1.6989700043360187
,Cc1[nH]cnc1CN1CCc2c(c3ccccc3n2C)C1=O,,,-0.0,,,,,,,,,,-0.3010299956639812,,,,-0.0,,,,
,CC(C)(C#N)c1cc(Cn2cncn2)cc(C(C)(C)C#N)c1,,,-0.0,-0.0,,,,,-0.0,,,,-0.0,,,,,,,,
,NC(=O)C[S@@](=O)C(c1ccccc1)c1ccccc1,,,-2.397940008672037,-2.397940008672037,,,,,,,,,-2.397940008672037,,,,,,,,
,CCOc1nc2cccc(C(=O)OCc3oc(=O)oc3C)c2n1Cc1ccc(-c2ccccc2C2=NOC([O-])N2)cc1,,,-1.6020599913279625,-1.6020599913279625,,,,,,,,,,,,,,,,,
,CCC(=O)OCC(=O)[C@@]1(OC(=O)CC)[C@@H](C)C[C@H]2[C@@H]3CCC4=CC(=O)C=C[C@]4(C)[C@@]3(Cl)[C@@H](O)C[C@@]21C,,,-2.505149978319906,-3.204119982655925,,,,,,,,,,,,,,,,,
,CC(C)(C)NC(=O)N[C@H](C(=O)N1C[C@H]2[C@@H]([C@H]1C(=O)NC(CC1CCC1)C(=O)C(N)=O)C2(C)C)C(C)(C)C,,,-3.380211241711606,,,,,,,,,,,-3.380211241711606,,,,-3.380211241711606,,,
,CO[C@@]12CC[C@]3(C[C@@H]1[C@](C)(O)C(C)(C)C)[C@H]1Cc4ccc(O)c5c4[C@@]3(CCN1CC1CC1)[C@H]2O5,,,-1.3010299956639813,-1.3010299956639813,,,,,,,,,,-1.3010299956639813,,,,,,-2.4771212547196626,
,CO[C@]12CC[C@@]3(C[C@@H]1[C@](C)(O)C(C)(C)C)[C@H]1Cc4ccc(O)c5c4[C@@]3(CCN1CC1CC1)[C@H]2O5,,,-1.0791812460476249,,,-0.9030899869919436,,,,-1.2041199826559248,-1.2041199826559248,,-1.2041199826559248,,,,,,-1.2041199826559248,,
,C[C@H]1CO[C@@H]2Cn3cc(C(=O)NCc4ccc(F)cc4F)c(=O)c([O-])c3C(=O)N12,,,-2.6020599913279625,-1.4771212547196624,,,,,,,,-1.7781512503836436,-1.7781512503836436,-2.6020599913279625,-2.6020599913279625,,-1.4771212547196624,-2.6020599913279625,,-1.7781512503836436,-2.6020599913279625
,CC(C)C(=O)OCC(=O)[C@@]12O[C@H](C3CCCCC3)O[C@@H]1C[C@H]1[C@@H]3CCC4=CC(=O)C=C[C@]4(C)[C@H]3[C@@H](O)C[C@@]12C,,,-2.3010299956639813,,,,,,,,,,,,,,,,,,
,CN(C)CCCC1(c2ccc(F)cc2)OCc2cc(C#N)ccc21,,,-1.9030899869919435,-1.9030899869919435,,,,,,,-1.7781512503836436,,-1.9030899869919435,,-1.7781512503836436,,,-1.9030899869919435,-1.9030899869919435,,
,Cc1nc2c([nH]1)-c1ccccc1N(C(=O)c1ccc(NC(=O)c3ccccc3-c3ccccc3)cc1)CC2,,,-1.9030899869919435,-1.9030899869919435,-1.9030899869919435,,-2.0791812460476247,,,-1.9030899869919435,,,-1.9030899869919435,,,-1.9030899869919435,-1.9030899869919435,,,,
,Cc1nc(Nc2ncc(C(=O)Nc3c(C)cccc3Cl)s2)cc(N2CCN(CCO)CC2)n1,,,-2.146128035678238,,-2.146128035678238,,,,,,,,-2.146128035678238,,,,-2.380211241711606,-2.146128035678238,,,
,Cc1c(OCC(F)(F)F)ccnc1C[S@@](=O)c1nc2ccccc2[nH]1,,,-1.954242509439325,-1.954242509439325,,,,,,,,,-1.7781512503836436,,,,,,,,
,O=c1[nH]cnc2c1ncn2[C@H]1CC[C@@H](CO)O1,,,-2.8750612633917,-2.8750612633917,,,,,,,,,-2.4771212547196626,,,-2.8750612633917,,,,,
,COc1cc2c(cc1OC)C(=O)C(CC1CCN(Cc3ccccc3)CC1)C2,,,-1.0,-1.0,,,,,,,,,-1.0,,,,,-1.0,-1.0,,
,Cn1c(Cn2ccc(C(F)(F)F)c(Oc3cc(Cl)cc(C#N)c3)c2=O)n[nH]c1=O,,,-2.0,,,,,,,-2.0,-2.0,,-2.0,,-0.3010299956639812,,,,,,
,CN1CCC[C@@H]1Cc1c[nH]c2ccc(CCS(=O)(=O)c3ccccc3)cc12,,,-1.9030899869919435,-1.9030899869919435,,,,,,,,,,,,,,,,,
,C[C@@H](O)[C@H]1C(=O)N2C(C(=O)O)=C(S[C@@H]3CN[C@H](C(=O)Nc4cccc(C(=O)[O-])c4)C3)[C@H](C)[C@H]12,,,-3.0,-3.0,,,,,,,,,,,,,,,-3.0,,
,C[C@]12CCC3c4ccc(O)cc4CC[C@H]3C1CC[C@H]2O,,,-4.681241237375588,,,,,,,,,,,,,,,,,,
,C#C[C@]1(O)CC[C@H]2[C@@H]3CCC4=CC(=O)CC[C@@H]4[C@H]3C(=C)C[C@@]21CC,,,-1.8325089127062364,-1.8325089127062364,,,,,,,,,,,,,,,,,
,CO[C@H]1C[C@@H]2CC[C@@H](C)[C@@](O)(O2)C(=O)C(=O)N2CCCC[C@H]2C(=O)O[C@H]([C@H](C)C[C@@H]2CC[C@@H](OCCO)[C@H](OC)C2)CC(=O)[C@H](C)/C=C(\C)[C@@H](O)[C@@H](OC)C(=O)[C@H](C)C[C@H](C)/C=C/C=C/C=C/1C,,,-1.0,,,,,,,-1.0,,,-1.0,-1.0,,,-0.4771212547196624,,,,
,C=C1C[C@@H]2[C@H](CC[C@]3(C)C(=O)CC[C@@H]23)[C@@]2(C)C=CC(=O)C=C12,,,-1.3979400086720375,,,,,,,-1.3979400086720375,,,,,,,,,,,
,CCOC(=O)C1=C(C)NC(C)=C(C(=O)OC)C1c1cccc(Cl)c1Cl,,,-1.3010299956639813,-1.3010299956639813,-1.3010299956639813,,,,,,,,,,,,-1.3010299956639813,,,,
,CC(C)OC(=O)C(C)(C)Oc1ccc(C(=O)c2ccc(Cl)cc2)cc1,,,-2.4771212547196626,-2.4771212547196626,,,,,,,,,-2.4771212547196626,,-2.4771212547196626,-2.4771212547196626,-2.4771212547196626,-2.4771212547196626,,,
,CC(C(=O)O)c1ccc(-c2ccccc2)c(F)c1,,,-2.4771212547196626,,,,,-2.4771212547196626,,-2.4771212547196626,-2.4771212547196626,,-2.4771212547196626,,,,,,-2.4771212547196626,,
,CCC(=O)O[C@]1(C(=O)SCF)[C@H](C)C[C@H]2[C@@H]3C[C@H](F)C4=CC(=O)C=C[C@]4(C)[C@@]3(F)[C@@H](O)C[C@@]21C,,,-3.0,-3.0,,,,,,,,,,,,,,,-3.0,,
,CN1CC[C@]23c4c5ccc(O)c4O[C@H]2C(=O)CC[C@H]3[C@H]1C5,,,-1.380211241711606,,,,,,,-1.806179973983887,,,,,,-1.7781512503836436,,,-1.7781512503836436,,
,CC(C)[N+]1(C)[C@H]2CC[C@@H]1C[C@H](OC(=O)C(CO)c1ccccc1)C2,,,-3.1760912590556813,,,,,,,,,,,,,-1.6020599913279625,,,,,
,O=[N+]([O-])O[C@@H]1CO[C@@H]2[C@@H](O)CO[C@H]12,,,-1.6020599913279625,,,,,,,,,,,,,,,,,,
,Oc1ccc2c(c1)CC[C@H](c1ccccc1)[C@@H]2c1ccc(OCCN2CCCC2)cc1,,,-0.6989700043360189,-0.6989700043360189,,,,,,,,-0.6989700043360189,-0.6989700043360189,,,,,,-0.6989700043360189,-1.0,
,O=C(O)CSc1nnc(Br)n1-c1ccc(C2CC2)c2ccccc12,,,-2.6020599913279625,-2.6020599913279625,,,,,,,,-2.6020599913279625,,-2.6020599913279625,,,,,,,
,C[C@@H]1NC(=O)[C@@H]2CCCN2C(=O)[C@H](CC(N)=O)NC(=O)[C@@H]2CSSC[C@H](N)C(=O)N[C@H]3CSSC[C@H](NC1=O)C(=O)N[C@@H]([C@@H](C)O)C(=O)NCC(=O)N[C@H](C(=O)N[C@@H](Cc1ccc(O)cc1)C(=O)O)CSSC[C@H](NC(=O)[C@H](Cc1ccc(O)cc1)NC(=O)[C@H](CCC(=O)O)NC3=O)C(=O)N2,,,-2.462397997898956,-2.462397997898956,,,,,,,,,,,,,,,,,
,C[C@H]1CNCCc2ccc(Cl)cc21,,,-1.0,-1.0,,,,,,,,,-1.0,-1.0,,-1.0,,,,,
,CCCCc1nc(Cl)c(C[O-])n1Cc1ccc(-c2ccccc2-c2nnn[nH]2)cc1,,,-2.1760912590556813,-2.1760912590556813,,,,,,,,,-2.1760912590556813,,,,,,,,
,CC[C@H](C)C(=O)O[C@H]1C[C@@H](C)C=C2C=C[C@H](C)[C@H](CC[C@@H]3C[C@@H](O)CC(=O)O3)[C@H]21,,,-1.7781512503836436,,,,-1.9030899869919435,,,-1.6020599913279625,,,-1.9030899869919435,,,,,,,-1.9030899869919435,
,CCCCC(F)(F)[C@@]1(O)CC[C@H]2[C@@H](CC(=O)[C@@H]2CCCCCCC(=O)O)O1,,,-0.9030899869919436,,,,,,,,,,,,,,-1.380211241711606,,,,
,OC[C@@H](O)[C@@H](O)[C@H](O)[C@H](O)CO,,,-2.903089986991944,,,,,,,,,,,,,,,,,,
,C[C@]12C[C@@H]3C[C@](C)(C1)C[C@@](N)(C3)C2,,,-1.7781512503836436,-1.4471580313422192,,-1.4471580313422192,,,,-1.4471580313422192,,,-1.3010299956639813,,,,,-1.6020599913279625,-1.7781512503836436,,
,CN(C)C(=N)NC(=N)N,,,-2.929418925714293,,,,,,,,,,-2.929418925714293,,,,,,-2.929418925714293,,
,CN1CCN2c3ncccc3Cc3ccccc3C2C1,,,-1.7781512503836436,,,,,,-1.7781512503836436,,,,,,,,,,,,
,COc1ccc2cc(CCC(C)=O)ccc2c1,,,-3.3010299956639813,-3.3010299956639813,,,-3.3010299956639813,,,,,,,,,,,,,,
,COc1ccc2cc([C@H](C)C(=O)[O-])ccc2c1,,,-3.1760912590556813,-3.1760912590556813,,,,-3.1760912590556813,,,-3.1760912590556813,,,,,,,,-3.041392685158225,,
,O[C@H](CNC[C@@H](O)[C@H]1CCc2cc(F)ccc2O1)[C@@H]1CCc2cc(F)ccc2O1,,,-1.4771212547196624,,,,,,,-1.4771212547196624,,,,,,,,-1.4771212547196624,-1.3010299956639813,,
,CN/C(=C/[N+](=O)[O-])NCCSCc1csc(CN(C)C)n1,,,-2.4771212547196626,,,,,,,-2.4771212547196626,,-2.4771212547196626,-2.4771212547196626,,-2.4771212547196626,,,,-2.4771212547196626,,
,CC[C@@H]1[C@@H]2C[C@H](O)CC[C@]2(C)[C@H]2CC[C@@]3(C)[C@@H](CC[C@@H]3[C@H](C)CCC(=O)O)[C@@H]2[C@@H]1O,,,-1.6989700043360187,-0.6989700043360189,-1.6989700043360187,,,,,-1.0,,-1.6989700043360187,,,,-1.6989700043360187,,-1.0,-1.6989700043360187,,
,O=C(c1cc(Cc2n[nH]c(=O)c3ccccc23)ccc1F)N1CCN(C(=O)C2CC2)CC1,,,-2.4771212547196626,,,,-2.6020599913279625,,,,,,,-2.6020599913279625,,-2.6020599913279625,,,-2.6020599913279625,,
,OCCOc1ccc(/C(=C(/CCCl)c2ccccc2)c2ccccc2)cc1,,,-1.954242509439325,,,,,,,,,,,,,,,,,,
,COc1ccnc(/C=S(\[O-])c2nc3cc(OC(F)F)ccc3[nH]2)c1OC,,,-2.380211241711606,,-1.9030899869919435,-1.6020599913279625,-2.204119982655925,,,-1.9030899869919435,,-2.380211241711606,-1.9030899869919435,,-2.380211241711606,,,,-1.6020599913279625,,
,FC(F)(F)c1ccc(CNc2ccc(Cc3c[nH]c4ncc(Cl)cc34)cn2)cn1,,,-3.0,,-3.0,,,,,,,-3.0,,,,,-3.0,,,-3.0,
,CO[C@]1(C(=O)N[C@@H](C)c2ccc(-n3cc(F)cn3)nc2)CC[C@H](c2nc(C)cc(Nc3cc(C)[nH]n3)n2)CC1,,,-2.6020599913279625,,,,,,,,,,,-2.6020599913279625,,,-2.6020599913279625,-2.6020599913279625,,,
,CC(C)C[C@H](CN)CC(=O)O,,,-2.4771212547196626,-0.4771212547196624,,,-2.4771212547196626,,,-2.7781512503836434,,-2.8195439355418688,-2.7781512503836434,,-2.4771212547196626,,,-2.8195439355418688,-2.7781512503836434,,
,CC(=O)[C@H]1CC[C@H]2[C@@H]3CCC4=CC(=O)CC[C@]4(C)[C@H]3CC[C@]12C,,,-2.0,-2.0,,,,,,,,,,,,,,,,,
,Cc1cc(/C=C/C#N)cc(C)c1Nc1ccnc(Nc2ccc(C#N)cc2)n1,,,-2.1760912590556813,-1.3979400086720375,,,,,,,,,-1.3979400086720375,-1.6989700043360187,,-1.3979400086720375,-1.3979400086720375,-1.3979400086720375,,,
,O=P([O-])(O)C(O)(Cc1cccnc1)P(=O)(O)O,,,-0.6989700043360189,-0.6989700043360189,,,,,,,,,,-0.6989700043360189,,,,,,,
,CS(=O)(=O)c1ccc(C2=C(c3ccccc3)C(=O)OC2)cc1,,,-1.3979400086720375,,,,,-1.6989700043360187,,-1.3979400086720375,-1.6989700043360187,,-1.6989700043360187,,,,-0.7781512503836436,,-1.3979400086720375,,
,CCCN(CCC)CCc1cccc2c1CC(=O)N2,,,-0.6989700043360189,-1.380211241711606,,,,,,,,-0.6989700043360189,-0.6020599913279624,,,,,,,,
,CCCN(CCc1cccs1)[C@H]1CCc2c(O)cccc2C1,,,-1.255272505103306,,,-1.255272505103306,,,,,,,,-1.380211241711606,,,,,-1.255272505103306,,
,NC(=O)c1cn(Cc2c(F)cccc2F)nn1,,,-3.204119982655925,,-1.6532125137753435,,,-1.6532125137753435,,,,,-3.505149978319906,,,,,,,,
,N#C[C@@H]1C[C@@H]2C[C@@H]2N1C(=O)[C@@H](N)[C@@]12C[C@@H]3C[C@@H](C[C@@](O)(C3)C1)C2,,,-1.0,-1.0,,,,,,,,,-0.6989700043360189,,,,,,,,
,CN[C@H]1CC[C@@H](c2ccc(Cl)c(Cl)c2)c2ccccc21,,,-2.3010299956639813,,,,,,,,,,,,,,,,,,
,CC(C)CC(N(C)C)C1(c2ccc(Cl)cc2)CCC1,,,-1.4771212547196624,-1.4771212547196624,,,,,,,,,,,,,,,,,
,O=C([O-])CCCO,,,-3.9542425094393248,-3.9542425094393248,,,,,,,,,,,,,,-3.9542425094393248,,,
,CC(C(=O)O)c1ccc(C(=O)c2cccs2)cc1,,,-2.6020599913279625,,,,,,,,,,-2.903089986991944,,,,,,-2.903089986991944,,
,Nc1c2c(nc3ccccc13)CCCC2,,,-1.6020599913279625,-1.6020599913279625,-1.9030899869919435,,,,,-1.9030899869919435,-2.0,,-2.0,,-1.6020599913279625,-1.6020599913279625,-1.6020599913279625,-1.7781512503836436,-1.8750612633917,,
,Cn1nnc(-c2ccc(-c3ccc(N4C[C@H](COP(=O)(O)O)OC4=O)cc3F)cn2)n1,,,-2.3010299956639813,,,,,,,,,,,,,,,,,,
,CCC[C@H](NC(=O)[C@@H]1[C@H]2CCC[C@H]2CN1C(=O)[C@@H](NC(=O)[C@@H](NC(=O)c1cnccn1)C1CCCCC1)C(C)(C)C)C(=O)C(=O)NC1CC1,,,-0.4771212547196624,,,,,,,,,,,,,,,-0.4771212547196624,,,
,CN1Cc2c(Cl)cc(Cl)cc2[C@H](c2cccc(S(=O)(=O)NCCOCCOCCNC(=O)NCCCCNC(=O)NCCOCCOCCNS(=O)(=O)c3cccc([C@@H]4CN(C)Cc5c(Cl)cc(Cl)cc54)c3)c2)C1,,,-1.6989700043360187,,,,,,,,,,,,,,,,,,
,COc1cc2nc(N3CCN(C(=O)C4CCCO4)CC3)nc(N)c2cc1OC,,,-0.6989700043360189,-1.3010299956639813,,,,,,,,,,,,,,,,,
,Cc1ccsc1C(=CCCN1CCC[C@@H](C(=O)O)C1)c1sccc1C,,,-1.4771212547196624,,,,,,,,,,,,,,,,,,
,CCCSc1nc(N[C@@H]2C[C@H]2c2ccc(F)c(F)c2)c2nnn([C@@H]3C[C@H](OCCO)[C@@H](O)[C@H]3O)c2n1,,,-1.7781512503836436,-1.7781512503836436,,,,,,,,-1.7781512503836436,,,,,,-0.3010299956639812,-1.8750612633917,,
,C[N+]1(C)[C@H]2C[C@@H](OC(=O)C(O)(c3cccs3)c3cccs3)C[C@@H]1[C@H]1O[C@@H]21,,,-1.255272505103306,-1.0,,,,,,,,,,-1.255272505103306,,,,,,,
,CCC[C@@]1(CCc2ccccc2)CC(O)=C([C@H](CC)c2cccc(NS(=O)(=O)c3ccc(C(F)(F)F)cn3)c2)C(=O)O1,,,-2.8750612633917,,,,,,,-2.6989700043360187,,-2.6989700043360187,-2.6989700043360187,,,,-2.6989700043360187,-2.6989700043360187,-3.096910013008056,,-2.6989700043360187
,Cc1ccc(C(=O)c2cc(O)c(O)c([N+](=O)[O-])c2)cc1,,,-2.3010299956639813,-2.6020599913279625,,,,,,,,,,,-0.4771212547196624,,,,-2.6020599913279625,,
,COc1cccc([C@]2(O)CCCC[C@H]2CN(C)C)c1,,,-2.6020599913279625,-2.4771212547196626,,,-2.6020599913279625,,,-2.4771212547196626,,,-2.3010299956639813,,-2.6020599913279625,-2.6020599913279625,,-2.6020599913279625,,,
,Cc1cc(Nc2ncnc3ccc(NC4=NC(C)(C)CO4)cc23)ccc1Oc1ccn2ncnc2c1,,,-2.4771212547196626,,,,,,,,,-2.4771212547196626,,,-2.4771212547196626,,-2.4771212547196626,-2.4771212547196626,-2.4771212547196626,-2.4771212547196626,
,OC(c1ccccc1)(c1ccccc1)C12CC[N+](CCOCc3ccccc3)(CC1)CC2,,,-0.6989700043360189,,,,,,,,,,,,,,,,,,
,Cc1onc(-c2ccccc2)c1-c1ccc(S(N)(=O)=O)cc1,,,-1.9030899869919435,-1.6020599913279625,,,,,,,,,-1.9030899869919435,,,,,,,,
,CC1(C)CCC(CN2CCN(c3ccc(C(=O)NS(=O)(=O)c4ccc(NCC5CCOCC5)c([N+](=O)[O-])c4)c(Oc4cnc5[nH]ccc5c4)c3)CC2)=C(c2ccc(Cl)cc2)C1,,,-2.6020599913279625,-2.6020599913279625,,,,,,,,,,,,,,-2.7781512503836434,,,
,COc1ccc(C(CN(C)C)C2(O)CCCCC2)cc1,,,-2.574031267727719,-2.3521825181113627,,,,,,-2.3521825181113627,-2.3521825181113627,-2.574031267727719,-2.574031267727719,,-2.574031267727719,,,-2.574031267727719,-2.3521825181113627,,
,O=C(CCCCCCC(=O)Nc1ccccc1)NO,,,-2.7781512503836434,,,,,,,,,,,,,,,,,,
,Cc1ccc(Sc2ccccc2N2CCNCC2)c(C)c1,,,-1.3010299956639813,-1.0,,,,,,,,,,,,,,,,,
,O1[As]2O[As]1O2,,,,-0.4771212547196624,,,,,,-0.4771212547196624,,,,,,,-1.1760912590556811,-1.1760912590556811,,,
,CC(C)C[C@H](NC(=O)[C@H](CCCCN)NC(=O)CNC(=O)[C@H](CC(C)C)NC(=O)[C@@H](NC(=O)[C@@H]1CSSC[C@H](N)C(=O)N[C@@H](CO)C(=O)N[C@@H](CC(N)=O)C(=O)N[C@@H](CC(C)C)C(=O)N[C@@H](CO)C(=O)N[C@@H]([C@@H](C)O)C(=O)N1)C(C)C)C(=O)N[C@@H](CO)C(=O)N[C@@H](CCC(N)=O)C(=O)N[C@@H](CCC(=O)O)C(=O)N[C@@H](CC(C)C)C(=O)N[C@@H](Cc1cnc[nH]1)C(=O)N[C@@H](CCCCN)C(=O)N[C@@H](CC(C)C)C(=O)N[C@@H](CCC(N)=O)C(=O)N[C@H](C(=O)N[C@@H](Cc1ccc(O)cc1)C(=O)N1CCC[C@H]1C(=O)N[C@@H](CCCNC(=N)N)C(=O)N[C@H](C(=O)N[C@@H](CC(N)=O)C(=O)N[C@H](C(=O)NCC(=O)N[C@@H](CO)C(=O)NCC(=O)N[C@H](C(=O)N1CCC[C@H]1C(N)=O)[C@@H](C)O)[C@@H](C)O)[C@@H](C)O)[C@@H](C)O,,,,-2.3010299956639813,,,,,,,,,-2.3010299956639813,,,,,,,,
,CO/N=C(\C(=O)N[C@@H]1C(=O)N2C(C(=O)OCOC(=O)C(C)(C)C)=C(/C=C\c3scnc3C)CS[C@H]12)c1csc(N)n1,,,,-2.3010299956639813,,,,,,,,,,,,,,,,,
,CO/N=C(/C(=O)N[C@@H]1C(=O)N2C(C(=O)[O-])=C(CSc3nc(=O)c(O)nn3C)CS[C@H]12)c1csc(N)n1,,,,-3.3010299956639813,-3.3010299956639813,,,,,,,,,,,,,,-1.6020599913279625,,
,C[C@H](CCC(=O)O)[C@H]1CC[C@H]2[C@H]3[C@H](C[C@H](O)[C@@]21C)[C@@]1(C)CC[C@@H](O)C[C@H]1C[C@H]3O,,,,-2.6989700043360187,-1.1760912590556811,,,,,,,,,,,,,,-1.1760912590556811,,
,CN1CCN(C2=Nc3cc(Cl)ccc3Nc3ccccc32)CC1,,,,-2.6532125137753435,-2.6532125137753435,,,,-2.9542425094393248,-2.9542425094393248,-2.9542425094393248,-2.9542425094393248,-2.6532125137753435,,,,-2.9542425094393248,,-2.9542425094393248,-2.9542425094393248,
,CC(C)c1nc(CN(C)C(=O)N[C@@H](CCN2CCOCC2)C(=O)N[C@H](CC[C@H](Cc2ccccc2)NC(=O)OCc2cncs2)Cc2ccccc2)cs1,,,,-2.1760912590556813,-2.1760912590556813,,,,,,,-2.1760912590556813,,-2.1760912590556813,,-2.1760912590556813,,-2.1760912590556813,-2.1760912590556813,,
,Nc1ccncc1,,,,-1.6020599913279625,,,,,,,,,,,,,,,-1.3010299956639813,,
,C[C@@H]1C[C@H]2[C@@H]3CCC4=CC(=O)C=C[C@]4(C)[C@@]3(F)[C@@H](O)C[C@]2(C)[C@@]1(O)C(=O)CO,,,,-2.845098040014257,,,,,,-2.845098040014257,,,,,,,,,,,
,CCCCc1oc2ccc(NS(C)(=O)=O)cc2c1C(=O)c1ccc(OCCCN(CCCC)CCCC)cc1,,,,-2.903089986991944,,,,-2.903089986991944,,-2.903089986991944,,,-2.903089986991944,-2.903089986991944,-2.903089986991944,,,,-2.903089986991944,,
,C[C@]12CC[C@H]3[C@H]([C@@H]1[C@@H]1C[C@@H]1[C@@]21CCC(=O)O1)[C@H]1C[C@H]1C1=CC(=O)CC[C@@]13C,,,,-0.6020599913279624,,,,,,,,,,,,,,,,,
,OC[C@H]1O[C@@H](c2ccc(Cl)c(Cc3ccc(O[C@H]4CCOC4)cc3)c2)[C@H](O)[C@@H](O)[C@@H]1O,,,,-1.3979400086720375,-1.3979400086720375,,,,-1.3979400086720375,-1.3979400086720375,,-1.3979400086720375,-1.3979400086720375,-1.3979400086720375,,,-1.3979400086720375,-1.3979400086720375,-1.3979400086720375,-1.0,
,CC(=O)Oc1ccc2c(c1)CC[C@@H]1[C@@H]2CC[C@]2(C)[C@@H](O)CC[C@@H]12,,,,-1.6989700043360187,,,,,,,,,,,,,,,,,
,CN1CCN(C(=O)O[C@H]2c3nccnc3C(=O)N2c2ccc(Cl)cn2)CC1,,,,-0.3010299956639812,,,,,,,,,-0.3010299956639812,,-0.3010299956639812,-0.3010299956639812,,,,,
,CC(=O)OCC(CCn1cnc2cnc(N)nc21)COC(C)=O,,,,-3.0,,,,,,,,,,,,,,-2.8750612633917,-3.1760912590556813,,
,CC(C)(Oc1ccc(C(=O)c2ccc(Cl)cc2)cc1)C(=O)O,,,,-2.0211892990699383,,-2.0211892990699383,,,,,,,-2.0211892990699383,,,,,,,,
,O=c1[nH]c2ccccc2n1CCN1CCN(c2cccc(C(F)(F)F)c2)CC1,,,,-2.3010299956639813,,,,,,,,,,,,,,,,,
,C[C@@H]1C[C@H]2[C@@H]3C[C@H](F)C4=CC(=O)C=C[C@]4(C)[C@@]3(F)[C@@H](O)C[C@]2(C)[C@@]1(OC(=O)c1ccco1)C(=O)SCF,,,,-2.0,,,,,,,,,-2.0,,,,,,,,
,CC(C)n1c(/C=C/[C@@H](O)C[C@@H](O)CC(=O)[O-])c(-c2ccc(F)cc2)c2ccccc21,,,,-1.9030899869919435,,,-1.9030899869919435,,-1.9030899869919435,-1.9030899869919435,-1.9030899869919435,-1.9030899869919435,-1.9030899869919435,,,,,-1.9030899869919435,-1.9030899869919435,-1.9030899869919435,
,COc1cc(Nc2ncc(F)c(Nc3ccc4c(n3)N(COP(=O)([O-])[O-])C(=O)C(C)(C)O4)n2)cc(OC)c1OC,,,,-2.4771212547196626,,,,,,,,,,,,,,,,,
,CC(OC(=O)NCC1(CC(=O)O)CCCCC1)OC(=O)C(C)C,,,,-3.5563025007672877,,,,,,,,,-3.0791812460476247,,,,,,,,
,Nc1nc2c(ncn2COC(CO)CO)c(=O)[nH]1,,,,-0.6989700043360189,-1.0,,,,,,,,-1.0,,-3.0,,,,-1.0,,
,Nc1nc([O-])c2ncn(COC(CO)CO)c2n1,,,,-3.4771212547196626,-3.4771212547196626,,,,,-3.4771212547196626,,,-1.0,,,,,,,,
,CCCCCN(C)CCC(O)(P(=O)([O-])O)P(=O)(O)O,,,,-0.6989700043360189,,,,,,,,,,,,,,,,,
,COc1cc(C(C)=O)ccc1OCCCN1CCC(c2noc3cc(F)ccc23)CC1,,,,-0.6020599913279624,,,,,,,,,,,,,,,,,
,Cc1oncc1C(=O)Nc1ccc(C(F)(F)F)cc1,,,,-1.3979400086720375,-1.3010299956639813,,,,,-1.3010299956639813,-1.3010299956639813,,-1.3010299956639813,,,-1.3979400086720375,-1.3010299956639813,,-1.3010299956639813,-1.3010299956639813,
,CC[C@@H](C(N)=O)N1CCCC1=O,,,,-3.4771212547196626,,,,,,-3.1760912590556813,,,-3.1760912590556813,,-3.4771212547196626,-3.4771212547196626,,,,,
,N[C@@H](Cc1ccc(O)c(O)c1)C(=O)O,,,,-0.6989700043360189,,,,,,,,,,,,,,,,,
,CCN(CC)C(=O)[C@@]1(c2ccccc2)C[C@H]1CN,,,,-2.0791812460476247,,,,,,,,,,,,,,,,,
,C#C[C@]1(O)CC[C@H]2[C@@H]3CCC4=CC(=O)CC[C@@H]4[C@H]3CC[C@@]21CC,,,,-0.7781512503836436,,,,,,,,,-1.9294189257142929,,,,,,-1.9294189257142929,,
,O=C1[C@H]2[C@@H]3CC[C@@H](C3)[C@H]2C(=O)N1C[C@@H]1CCCC[C@H]1CN1CCN(c2nsc3ccccc23)CC1,,,,-2.204119982655925,,,,,,,,,,,,,,,,,
,CCOC(=O)[C@H](CCc1ccccc1)N[C@@H](C)C(=O)N1Cc2cc(OC)c(OC)cc2C[C@H]1C(=O)O,,,,-1.4771212547196624,,,,,,,,,,,,,,,,,
,CCCCCCCC(=O)OCC(O)CO,,,,-1.0,,,,,,,,,,,,,,,-1.0,,
,CC1(C)NC(=O)N(c2ccc([N+](=O)[O-])c(C(F)(F)F)c2)C1=O,,,,-2.4771212547196626,,,,,,,,,-2.4771212547196626,,,,,,-2.4771212547196626,,
,COc1ccc2[nH]c(S(=O)Cc3ncc(C)c(OC)c3C)nc2c1,,,,-1.6020599913279625,-1.3010299956639813,-1.6020599913279625,,,-1.6020599913279625,-1.6020599913279625,-1.3010299956639813,-1.3010299956639813,-1.6020599913279625,,,,,-1.6020599913279625,-1.3010299956639813,,
,Cc1nc2n(c(=O)c1CCN1CCC(c3noc4cc(F)ccc34)CC1)CCCC2O,,,,-1.0791812460476249,,,,,,,,,,,,,,,-1.0791812460476249,,
,CCCCCCCCCCCCCCCC(=O)O[C@@H]1CCCn2c1nc(C)c(CCN1CCC(c3noc4cc(F)ccc34)CC1)c2=O,,,,-1.8750612633917,,,,,,,,,,,,,,,-1.8750612633917,,
,Cc1c(C(=O)NN2CCCCC2)nn(-c2ccc(Cl)cc2Cl)c1-c1ccc(Cl)cc1,,,,-1.3010299956639813,,,,,,,,,,,,,,,,,
,C#CCN(C)[C@H](C)Cc1ccccc1,,,,-1.0,,,,,,,,,,,,,,,,,
,COc1ccc2c(O[C@@H]3C[C@H]4C(=O)N[C@]5(C(=O)[N-]S(=O)(=O)C6CC6)C[C@H]5/C=C\CCCCN(C)C(=O)[C@@H]4C3)cc(-c3nc(C(C)C)cs3)nc2c1C,,,,-2.1760912590556813,,,,,,-2.1760912590556813,,,,-2.1760912590556813,,-2.1760912590556813,,-2.1760912590556813,-2.1760912590556813,,
,CCC(C)(C)C(=O)O[C@H]1C[C@@H](C)C=C2C=C[C@H](C)[C@H](CC[C@@H]3C[C@@H](O)CC(=O)O3)[C@H]21,,,,-1.3010299956639813,,,,,,-1.6020599913279625,,,-1.3010299956639813,,,,,,-1.9030899869919435,,
,N#Cc1c(N(CC(=O)[O-])CC(=O)[O-])sc(C(=O)[O-])c1CC(=O)[O-],,,,-3.3010299956639813,,,,,,-3.3010299956639813,-3.3010299956639813,,-3.3010299956639813,,,,-3.3010299956639813,,,-3.3010299956639813,
,C[C@@H]1[C@H](c2ccccc2)C[C@H](NC(=O)c2cnc3c(c2)C[C@@]2(C3)C(=O)Nc3ncccc32)C(=O)N1CC(F)(F)F,,,,-2.0,,,,,,,,,,,,,,,,,
,CC[C@@H]1CN(C(=O)NCC(F)(F)F)C[C@@H]1c1cnc2cnc3[nH]ccc3n12,,,,-1.4771212547196624,,,,,,,,-1.1760912590556811,-1.1760912590556811,,,,,,,,
,CCCCC(=O)N(Cc1ccc(-c2ccccc2-c2nnn[nH]2)cc1)[C@H](C(=O)O)C(C)C,,,,-2.204119982655925,,,,,,,,,-1.9030899869919435,,,,,-2.505149978319906,,,
,COc1cc2c(Nc3ccc(Br)cc3F)ncnc2cc1OCC1CCN(C)CC1,,,,-2.4771212547196626,,,,,,,,,,-2.4771212547196626,,,,,,,
,CCN(C(C)=O)c1cccc(-c2ccnc3c(C#N)cnn23)c1,,,,-1.0,,,,,,,,,,,,,-1.0,,,,
,CC1(C)S[C@@H]2[C@H](NC(=O)[C@H](N)c3ccc(O)cc3)C(=O)N2[C@H]1C(=O)O,,,,,-1.0791812460476249,,-1.0791812460476249,,,,,,,,,,-1.0791812460476249,,,,
,COc1cc(N2CCC(N3CCN(C)CC3)CC2)ccc1Nc1ncc(Cl)c(Nc2ccccc2P(C)(C)=O)n1,,,,,-2.255272505103306,,,,,,,,,,-2.255272505103306,,-2.255272505103306,-2.255272505103306,,,
,CN/C(=N\CCSCc1nc[nH]c1C)NC#N,,,,,-2.4771212547196626,,,,,,,,,,,,,,,,
,COC(=O)[C@H](c1ccccc1Cl)N1CCc2sccc2C1,,,,,-1.8750612633917,,,,,-1.8750612633917,,,-1.8750612633917,,,,,,-1.8750612633917,,
,CN(C)CCC=C1c2ccccc2C=Cc2ccccc21,,,,,-1.4771212547196624,,,,,,,,-1.4771212547196624,,,,,,-1.4771212547196624,,
,Clc1ccc2c(c1)CCc1cccnc1C2=C1CCNCC1,,,,,-0.6989700043360189,,,,,,-0.6989700043360189,,-0.6989700043360189,,-0.6989700043360189,,,,-0.6989700043360189,,
,CN1C(=O)CN=C(c2ccccc2)c2cc(Cl)ccc21,,,,,-1.1760912590556811,,-1.1760912590556811,,,,-1.1760912590556811,-1.7781512503836436,,,,,,,-1.1760912590556811,,
,Cc1onc(-c2c(F)cccc2Cl)c1C(=O)N[C@@H]1C(=O)N2[C@@H](C(=O)O)C(C)(C)S[C@H]12,,,,,-4.653212513775344,,,,,,,,,,,,,,,,
,CC(CCc1ccccc1)NCC(O)c1ccc(O)c(C(N)=O)c1,,,,,-2.903089986991944,,-2.903089986991944,,,,,,,,,,,,-0.6989700043360189,,
,Nc1cccc2c1CN(C1CCC(=O)NC1=O)C2=O,,,,,-1.3979400086720375,-1.3979400086720375,,,,-1.3979400086720375,,,-1.3979400086720375,-1.4471580313422192,-1.3979400086720375,,-1.3979400086720375,-1.4471580313422192,-1.3979400086720375,-1.3979400086720375,-1.3979400086720375
,CC#CCn1c(N2CCC[C@@H](N)C2)nc2c1c(=O)n(Cc1nc(C)c3ccccc3n1)c(=O)n2C,,,,,-0.6989700043360189,,,,,,,-0.6989700043360189,,-0.6989700043360189,,,,-0.6989700043360189,-0.6989700043360189,,
,COC(=O)C1=C(C)NC(C)=C(C(=O)OC)C1c1ccccc1[N+](=O)[O-],,,,,-1.954242509439325,,,,,,,,-1.954242509439325,,,,,,-1.954242509439325,,
,COc1ccc2c3c1O[C@H]1C(=O)CC[C@@]4(O)[C@@H](C2)N(C)CC[C@]314,,,,,-2.806179973983887,,,,,,,,,,,,,,,,
,CC(C)NC(=N)NC(=N)Nc1ccc(Cl)cc1,,,,,-0.7781512503836436,,,,,,,,-0.7781512503836436,,,,,,,,
,CCC(CC)COC(=O)[C@H](C)N[P@](=O)(OC[C@H]1O[C@@](C#N)(c2ccc3c(N)ncnn23)[C@H](O)[C@@H]1O)Oc1ccccc1,,,,,-2.0,,,,,,,,-2.3010299956639813,,,,-2.3010299956639813,-2.0,-2.3010299956639813,-2.3010299956639813,
,C[C@]12Cc3cn[nH]c3C[C@@H]1CC[C@@H]1[C@@H]2CC[C@@]2(C)[C@H]1CC[C@]2(C)O,,,,,-1.0,,,,,,,,,,,,,,-0.8450980400142568,,
,CC(C)(C)C(O)/C=C/c1ccc2c(c1)OCO2,,,,,-1.6989700043360187,,,,,,,,-1.6989700043360187,,-1.6989700043360187,,,,,,
,Clc1ccccc1CN1CCc2sccc2C1,,,,,-2.397940008672037,,-2.397940008672037,,,,,,-2.397940008672037,,,,,,,,
,O=c1n(CCCN2CCN(c3cccc(Cl)c3)CC2)nc2ccccn12,,,,,-2.574031267727719,,,,,,,,,,,,,-2.574031267727719,-2.574031267727719,,
,Cc1nnc2n1-c1ccc(Cl)cc1C(c1ccccc1Cl)=NC2,,,,,-1.3979400086720375,,,,,,,,,,,,,,-1.3979400086720375,,
,CS(=O)(=O)c1ccc(C(=O)Nc2ccc(Cl)c(-c3ccccn3)c2)c(Cl)c1,,,,,-2.1760912590556813,,,,,,,,,-2.1760912590556813,,,,,,-2.1760912590556813,
,OCC(CO)N[C@H]1C[C@](O)(CO)[C@@H](O)[C@H](O)[C@H]1O,,,,,-1.591064607026499,,,,,,,,,,,,,,,,
,CC(C(=O)[O-])c1cccc(Oc2ccccc2)c1,,,,,,-3.204119982655925,,,,,,,-3.204119982655925,,,,,,-3.204119982655925,,
,CC(C)(O)c1ccccc1CC[C@@H](SCC1(CC(=O)[O-])CC1)c1cccc(/C=C/c2ccc3ccc(Cl)cc3n2)c1,,,,,,-1.0,,,,,,,,,-1.0,,,,,-1.0,
,O=c1[nH]cnc2[nH]ncc12,,,,,,,-2.7781512503836434,,,,-2.7781512503836434,,,,,-2.7781512503836434,,-2.7781512503836434,,,
,CC(C(=O)O)c1ccc2oc(-c3ccc(Cl)cc3)nc2c1,,,,,,,-2.7781512503836434,,,-2.7781512503836434,-2.7781512503836434,,-2.7781512503836434,,-2.7781512503836434,,,,-2.7781512503836434,-2.7781512503836434,
,C=C(c1ccc(C(=O)O)cc1)c1cc2c(cc1C)C(C)(C)CCC2(C)C,,,,,,,-0.3010299956639812,,,,,,,,,,,,,,
,C#C[C@]1(O)CC[C@H]2[C@@H]3CCC4=Cc5oncc5C[C@]4(C)[C@H]3CC[C@@]21C,,,,,,,-0.6020599913279624,,,,,,,,,,,,-2.6020599913279625,-2.6020599913279625,
,C[C@H](N[C@@H](CCc1ccccc1)C(=O)O)C(=O)N1CCC[C@H]1C(=O)O,,,,,,,-0.6989700043360189,,,,,,-0.6989700043360189,,,,,,,,
,CCC(=O)N(c1ccccc1)C1CCN(CCc2ccccc2)CC1,,,,,,,-0.6020599913279624,,,,,,,-0.6020599913279624,,,,,-2.903089986991944,,
,Cc1cnc(C(=O)NCCc2ccc(S(=O)(=O)NC(=O)NC3CCCCC3)cc2)cn1,,,,,,,-0.6989700043360189,,,,,,,,,,,,,,
,COc1ccc(Cl)cc1C(=O)NCCc1ccc(S(=O)(=O)NC(=O)NC2CCCCC2)cc1,,,,,,,-1.0,,,,,,,,,,,,,,
,NCCCC[C@H](N[C@@H](CCc1ccccc1)C(=O)O)C(=O)N1CCC[C@H]1C(=O)O,,,,,,,-1.0,,,-1.0,-1.0,,-1.0,,,-1.0,,-0.6989700043360189,,,
,Cc1nnc(C(C)C)n1[C@H]1C[C@@H]2CC[C@H](C1)N2CC[C@H](NC(=O)C1CCC(F)(F)CC1)c1ccccc1,,,,,,,-2.7781512503836434,,-0.3010299956639812,-0.3010299956639812,,,-2.7781512503836434,-2.1760912590556813,-3.0791812460476247,,-0.3010299956639812,-2.1760912590556813,,-2.7781512503836434,-2.4771212547196626
,CN1CCCC(CN2c3ccccc3Sc3ccccc32)C1,,,,,,,-2.7781512503836434,,,,,,,,,,,,-2.7781512503836434,,
,S=c1[nH]cnc2nc[nH]c12,,,,,,,-0.3010299956639812,,,,-0.6989700043360189,,,,-0.3010299956639812,,-0.6989700043360189,-0.6989700043360189,-0.6989700043360189,,
,COc1c(N2C[C@@H]3CCCN[C@@H]3C2)c(F)cc2c(=O)c(C(=O)O)cn(C3CC3)c12,,,,,,,-2.6020599913279625,,,-2.6020599913279625,,,-2.6020599913279625,,,,,-0.7781512503836436,-0.7781512503836436,,
,CCn1cc(C(=O)O)c(=O)c2cc(F)c(N3CCNCC3)cc21,,,,,,,-2.903089986991944,,,,-3.204119982655925,,-2.903089986991944,,,,,,-2.903089986991944,,
,CC[C@H](C)C(=O)O[C@H]1C[C@H](O)C=C2C=C[C@H](C)[C@H](CC[C@@H](O)C[C@@H](O)CC(=O)[O-])[C@H]21,,,,,,,-1.3010299956639813,,-1.6020599913279625,-1.9030899869919435,-1.6020599913279625,-1.6020599913279625,-1.6020599913279625,,,,,-1.9030899869919435,-1.9030899869919435,-1.9030899869919435,
,CC(CN1c2ccccc2Sc2ccccc21)N(C)C,,,,,,,-1.6989700043360187,,,,,,,,,,,,-1.6989700043360187,,
,CCCc1cc(=O)[nH]c(=S)[nH]1,,,,,,,-2.9542425094393248,-2.9542425094393248,,,,,-2.4771212547196626,,,,,,,,
,CC(C)c1nc(CN(C)C(=O)N[C@H](C(=O)N[C@@H](Cc2ccccc2)C[C@H](O)[C@H](Cc2ccccc2)NC(=O)OCc2cncs2)C(C)C)cs1,,,,,,,-2.7781512503836434,,,-3.0791812460476247,,,-3.0791812460476247,,-2.7781512503836434,-3.0791812460476247,-0.3010299956639812,,-2.7781512503836434,,
,C[C@]12CC[C@H]3[C@@H](CCC4=CC(=O)CC[C@@]43C)[C@@H]1CC[C@@H]2O,,,,,,,-0.7781512503836436,,,,,,,-0.4771212547196624,,-0.4771212547196624,,,,,
,CCS(=O)(=O)CCn1c([N+](=O)[O-])cnc1C,,,,,,,-3.3010299956639813,,,,,,-3.3010299956639813,,,-3.3010299956639813,,-3.3010299956639813,-3.3010299956639813,,
,O=C1Cc2cc(CCN3CCN(c4nsc5ccccc45)CC3)c(Cl)cc2N1,,,,,,,-0.6020599913279624,,,,,-2.3010299956639813,-2.3010299956639813,,,-2.3010299956639813,,-2.3010299956639813,-0.6020599913279624,,
,CC(=O)O[C@H]1CC[C@@]2(C)C(=CC[C@H]3[C@@H]4CC=C(c5cccnc5)[C@@]4(C)CC[C@@H]32)C1,,,,,,,,-3.0,,-3.0,,,,,,-3.0,-3.0,-1.4471580313422192,-3.0,-3.0,
,C[C@H]1O[C@H](O[C@@H]2[C@@H](CO)O[C@H](O[C@@H]3[C@@H](CO)OC(O)[C@H](O)[C@H]3O)[C@H](O)[C@H]2O)[C@H](O)[C@@H](O)[C@@H]1N[C@H]1C=C(CO)[C@@H](O)[C@H](O)[C@H]1O,,,,,,,,-2.1760912590556813,-2.1760912590556813,,,,,,,,,,-2.1760912590556813,,
,CC(=O)Nc1ccc(O)cc1,,,,,,,,-0.9030899869919436,,,,,,,,,-0.6020599913279624,,,-0.9030899869919436,
,O=C(O)Cc1ccccc1Nc1c(Cl)cccc1Cl,,,,,,,,-0.4771212547196624,,-0.4771212547196624,-0.4771212547196624,,-0.4771212547196624,,,,-0.4771212547196624,,-0.4771212547196624,,
,COc1ccc(C(=O)Nc2ccccc2CCC2CCCCN2C)cc1,,,,,,,,-2.0211892990699383,,,,,-2.1760912590556813,,,-2.6020599913279625,,-2.3010299956639813,-2.1760912590556813,,
,COC1=C(OC)C(=O)C(CCCCCCCCCCO)=C(C)C1=O,,,,,,,,-0.4771212547196624,,,,,-0.8450980400142568,,,,,,,,
,COc1ccc2c(c1)c(CC(=O)O)c(C)n2C(=O)c1ccc(Cl)cc1,,,,,,,,-0.4771212547196624,,-0.4771212547196624,-0.4771212547196624,,-0.4771212547196624,,,,,,-0.4771212547196624,,-0.4771212547196624
,Nc1ccn([C@@H]2CS[C@H](CO)O2)c(=O)n1,,,,,,,,-2.0,,-2.0,,-2.4771212547196626,-2.0,,,-0.6020599913279624,-2.1760912590556813,-2.0,-2.0,,
,COc1ccc(CCN2CCC(Nc3nc4ccccc4n3Cc3ccc(F)cc3)CC2)cc1,,,,,,,,,-1.3010299956639813,,,,-1.0,,,,,-1.3010299956639813,,,
,COC(=O)/C=C/C(=O)OC,,,,,,,,,-0.4771212547196624,,,,-2.380211241711606,,,,,,,-2.8573324964312685,
,CC(=O)O[C@H]1Cc2ccccc2N(C(N)=O)c2ccccc21,,,,,,,,,-3.0791812460476247,-3.0791812460476247,,-2.9542425094393248,-3.0791812460476247,-3.0791812460476247,,,,,,-3.255272505103306,
,Cc1cc(C#N)cc(C)c1Oc1nc(Nc2ccc(C#N)cc2)nc(N)c1Br,,,,,,,,,-2.3010299956639813,-2.3010299956639813,,-2.3010299956639813,-2.3010299956639813,,,-2.3010299956639813,-2.3010299956639813,,-2.3010299956639813,-2.3010299956639813,
,CC(=O)N1CCN(c2ccc(OC[C@H]3CO[C@](Cn4ccnc4)(c4ccc(Cl)cc4Cl)O3)cc2)CC1,,,,,,,,,-3.0791812460476247,-3.0791812460476247,-3.0791812460476247,,-3.0791812460476247,,-3.0791812460476247,,-3.0791812460476247,,-3.0791812460476247,-3.0791812460476247,
,O=C1CN(/N=C/c2ccc([N+](=O)[O-])o2)C(=O)N1,,,,,,,,,-1.6989700043360187,,-1.6989700043360187,,-1.6989700043360187,,,,,-1.6989700043360187,-1.6989700043360187,,
,CCCCCCCCCCNCCN[C@@]1(C)C[C@H](O[C@H]2[C@H](Oc3c4cc5cc3Oc3ccc(cc3Cl)[C@@H](O)[C@@H](NC(=O)[C@@H](CC(C)C)NC)C(=O)N[C@@H](CC(N)=O)C(=O)N[C@H]5C(=O)N[C@H]3C(=O)N[C@H](C(=O)N[C@H](C(=O)O)c5cc(O)c(CNCP(=O)(O)O)c(O)c5-c5cc3ccc5O)[C@H](O)c3ccc(c(Cl)c3)O4)O[C@H](CO)[C@@H](O)[C@@H]2O)O[C@@H](C)[C@H]1O,,,,,,,,,-1.0,,,,-1.0,-1.0,,,,,,,
,NS(=O)(=O)c1cc2c(cc1Cl)NC(C(Cl)Cl)NS2(=O)=O,,,,,,,,,-0.6020599913279624,,,,,,,,,,,,
,[O-]c1ncnc2[nH]ncc12,,,,,,,,,,-3.3010299956639813,,,,,,,,,,,
,Cc1nnc2n1-c1ccc(Cl)cc1C(c1ccccc1)=NC2,,,,,,,,,,-0.7781512503836436,,,-0.7781512503836436,,,,,,-0.7781512503836436,,
,Cn1cc(-c2cc3c(N4CCN(c5ncc([C@@](C)(N)c6ccc(F)cc6)cn5)CC4)ncnn3c2)cn1,,,,,,,,,,-2.6020599913279625,,,,-2.7781512503836434,,,,-2.6020599913279625,,,
,CC(C)COCC(CN(Cc1ccccc1)c1ccccc1)N1CCCC1,,,,,,,,,,-2.6020599913279625,,,-2.4771212547196626,,-2.4771212547196626,,,,,,
,CCCCNc1cc(C(=O)O)cc(S(N)(=O)=O)c1Oc1ccccc1,,,,,,,,,,-0.4771212547196624,,,-1.4471580313422192,,,-1.0791812460476249,,,,,
,N[C@@H](C(=O)N[C@@H]1C(=O)N2C(C(=O)O)=C(Cl)CS[C@H]12)c1ccccc1,,,,,,,,,,-3.1760912590556813,,,-3.0,,,,,,,,
,CN1C(=O)CC(=O)N(c2ccccc2)c2cc(Cl)ccc21,,,,,,,,,,-1.6020599913279625,,,,,,,,,,,
,C/C=C/C[C@@H](C)[C@@H](O)[C@H]1C(=O)N[C@@H](CC)C(=O)N(C)CC(=O)N(C)[C@@H](CC(C)C)C(=O)N[C@@H](C(C)C)C(=O)N(C)[C@@H](CC(C)C)C(=O)N[C@@H](C)C(=O)N[C@H](C)C(=O)N(C)[C@@H](CC(C)C)C(=O)N(C)[C@@H](CC(C)C)C(=O)N(C)[C@@H](C(C)C)C(=O)N1C,,,,,,,,,,-1.0,,,,,,,-1.1760912590556811,-0.6989700043360189,-1.0,,
,COC(=O)NC(C(=O)N1CCC[C@H]1c1ncc(-c2ccc(-c3ccc(-c4cnc([C@@H]5CCCN5C(=O)C(NC(=O)OC)C(C)C)[nH]4)cc3)cc2)[nH]1)C(C)C,,,,,,,,,,-1.7781512503836436,,,,,,,-1.7781512503836436,-1.7781512503836436,,,
,COc1cc2ncnc(Nc3ccc(F)c(Cl)c3)c2cc1NC(=O)/C=C/CN1CCCCC1,,,,,,,,,,-1.6532125137753435,,,,,,,-1.6532125137753435,-1.6532125137753435,,-1.6532125137753435,
,COc1c(-c2ccc3cc([N-]S(C)(=O)=O)ccc3c2)cc(-n2ccc(=O)[nH]c2=O)cc1C(C)(C)C,,,,,,,,,,-2.397940008672037,,,,,,,,,,,
,COC(=O)N[C@@H](C)CNc1nccc(-c2cn(C(C)C)nc2-c2cc(Cl)cc(NS(C)(=O)=O)c2F)n1,,,,,,,,,,-2.4771212547196626,,,,-2.4771212547196626,,,,,,,
,CC[C@H](C)[C@H](NC(=O)[C@H](CC(C)C)NC(=O)[C@H](CO)NC(=O)[C@H](Cc1c[nH]cn1)NC(=O)[C@@H](NC(=O)[C@H](CC(C)C)NC(=O)[C@H](CO)NC(=O)[C@@H](NC(=O)[C@H](Cc1ccc(O)cc1)NC(C)=O)[C@@H](C)O)[C@@H](C)CC)C(=O)N[C@@H](CCC(=O)O)C(=O)N[C@@H](CCC(=O)O)C(=O)N[C@@H](CO)C(=O)N[C@@H](CCC(N)=O)C(=O)N[C@@H](CC(N)=O)C(=O)N[C@@H](CCC(N)=O)C(=O)N[C@@H](CCC(N)=O)C(=O)N[C@@H](CCC(=O)O)C(=O)N[C@@H](CCCCN)C(=O)N[C@@H](CC(N)=O)C(=O)N[C@@H](CCC(=O)O)C(=O)N[C@@H](CCC(N)=O)C(=O)N[C@@H](CCC(=O)O)C(=O)N[C@@H](CC(C)C)C(=O)N[C@@H](CC(C)C)C(=O)N[C@@H](CCC(=O)O)C(=O)N[C@@H](CC(C)C)C(=O)N[C@@H](CC(=O)O)C(=O)N[C@@H](CCCCN)C(=O)N[C@@H](Cc1c[nH]c2ccccc12)C(=O)N[C@@H](C)C(=O)N[C@@H](CO)C(=O)N[C@@H](CC(C)C)C(=O)N[C@@H](Cc1c[nH]c2ccccc12)C(=O)N[C@@H](CC(N)=O)C(=O)N[C@@H](Cc1c[nH]c2ccccc12)C(=O)N[C@@H](Cc1ccccc1)C(N)=O,,,,,,,,,,-1.954242509439325,,-1.954242509439325,-1.954242509439325,,,-1.954242509439325,-1.954242509439325,,,,
,CNC(=O)c1ccc(N2C(=S)N(c3ccc(C#N)c(C(F)(F)F)c3)C(=O)C2(C)C)cc1F,,,,,,,,,,-2.204119982655925,,,,,,,,,,,
,C#Cc1cccc(Nc2ncnc3cc(OCCOC)c(OCCOC)cc23)c1,,,,,,,,,,-2.1760912590556813,,,,,,,-2.1760912590556813,-2.1760912590556813,,,
,C[C@]12CC[C@@H]3c4ccc(O)cc4C[C@@H](CCCCCCCCCS(=O)CCCC(F)(F)C(F)(F)F)[C@H]3[C@@H]1CC[C@@H]2O,,,,,,,,,,-2.6989700043360187,,,-2.397940008672037,,,,,,,,
,CC[C@H](Nc1ncnc2[nH]cnc12)c1nc2cccc(F)c2c(=O)n1-c1ccccc1,,,,,,,,,,-2.1760912590556813,,,,,-2.1760912590556813,,-2.1760912590556813,-2.1760912590556813,,,
,C[N+](C)(C)C[C@H](O)CC(=O)[O-],,,,,,,,,,-3.4727564493172123,,,,,,,,,,,
,Cc1cc(C)cc(OCC2CNC(=O)O2)c1,,,,,,,,,,-0.6020599913279624,,,,,,,,,-0.6020599913279624,,
,Cc1nccn1CC1CCc2c(c3ccccc3n2C)C1=O,,,,,,,,,,-0.9030899869919436,,,-0.6020599913279624,,,,,,,,
,C[C@]12C/C(=C\O)C(=O)C[C@@H]1CC[C@@H]1[C@@H]2CC[C@@]2(C)[C@H]1CC[C@]2(C)O,,,,,,,,,,-1.6989700043360187,,,,,,,,,,,
,Cc1ccc(C(=O)Nc2ccc(CN3CCN(C)CC3)c(C(F)(F)F)c2)cc1C#Cc1cnc2cccnn12,,,,,,,,,,-1.6532125137753435,-1.4771212547196624,,,,,,-1.6532125137753435,,-1.6532125137753435,-1.6532125137753435,
,CN[C@@H](C)[C@@H](O)c1ccccc1,,,,,,,,,,-2.096910013008056,,,,,,,,,,,
,CC(C)(C)c1cc(NC(=O)Nc2ccc(-c3cn4c(n3)sc3cc(OCCN5CCOCC5)ccc34)cc2)no1,,,,,,,,,,-1.7781512503836436,,,,,-1.7781512503836436,,,-1.7781512503836436,,,
,CN(C)C[C@@H]1CCn2cc(c3ccccc32)C2=C(C(=O)NC2=O)c2cn(c3ccccc23)CCO1,,,,,,,,,,-1.505149978319906,,,,,,,,,-1.505149978319906,,
,Cc1cn([C@H]2C=C[C@@H](CO)O2)c(=O)[nH]c1=O,,,,,,,,,,-0.3010299956639812,,-1.6020599913279625,-1.6020599913279625,,,-1.6020599913279625,,,-1.6020599913279625,,
,Cc1cn([C@@H]2C[C@@H](O)[C@H](CO)O2)c(=O)[nH]c1=O,,,,,,,,,,-2.7781512503836434,,-2.7781512503836434,-2.7781512503836434,-3.255272505103306,,-2.7781512503836434,,,,-2.7781512503836434,
,CN1CCC(COc2cnc(-c3cccc(Cn4nc(-c5cccc(C#N)c5)ccc4=O)c3)nc2)CC1,,,,,,,,,,-2.6532125137753435,,,,,,,,,,,
,COc1cc2c(cc1OC)[C@@H]1CC(=O)[C@@H](CC(C)C)CN1CC2,,,,,,,,,,-2.0,,,,,,,,,,,
,S=P(N1CC1)(N1CC1)N1CC1,,,,,,,,,,-0.3010299956639812,,,,,,-0.3010299956639812,,,-0.3010299956639812,,
,CCCC(CCC)C(=O)O,,,,,,,,,,-1.7781512503836436,,,-0.3010299956639812,,,,-1.7781512503836436,,,,
,Cc1c(C)c2c(c(C)c1O)CC[C@@](C)(CCC[C@H](C)CCC[C@H](C)CCCC(C)C)O2,,,,,,,,,,-1.3979400086720375,,,,,,,,,,,
,CC(=O)[O-],,,,,,,,,,-0.6989700043360189,,,,,,,,,-0.6989700043360189,,
,CCNC(C)Cc1cccc(C(F)(F)F)c1,,,,,,,,,,,-1.7781512503836436,,,,,,,,,,
,COc1cc(NS(=O)(=O)c2ccc(N)cc2)nc(OC)n1,,,,,,,,,,,-3.6989700043360183,-3.6989700043360183,-3.6989700043360183,,,,,,-3.6989700043360183,,-3.6989700043360183
,CCOC(N)=O,,,,,,,,,,,-3.4771212547196626,,,,,,,,,,
,Nc1nc(=O)n([C@@H]2CS[C@H](CO)O2)cc1F,,,,,,,,,,,,-2.3010299956639813,,,,-2.3010299956639813,-2.3010299956639813,-2.3010299956639813,,,
,C=C1[C@@H](n2cnc3c(=O)[nH]c(N)nc32)C[C@H](O)[C@H]1CO,,,,,,,,,,,,-0.6989700043360189,-0.6989700043360189,,,-0.0,,,,,
,CC1CS(=O)(=O)CCN1/N=C/c1ccc([N+](=O)[O-])o1,,,,,,,,,,,,-1.3010299956639813,,-1.0,,-1.0,,,,,
,Cc1cn([C@H]2C[C@H](N=[N+]=[N-])[C@@H](CO)O2)c(=O)[nH]c1=O,,,,,,,,,,,,-2.6989700043360187,-2.6989700043360187,,,-0.4771212547196624,,-0.6989700043360189,-2.6989700043360187,,
,CCCSc1ccc2[nH]c(NC(=O)OC)nc2c1,,,,,,,,,,,,,-2.903089986991944,,,,,,,,
,CC1(C)S[C@@H]2[C@H](/N=C/N3CCCCCC3)C(=O)N2[C@H]1C(=O)O,,,,,,,,,,,,,-1.7781512503836436,,,,,,,,
,O=C(O)CCCCCCNC1c2ccccc2CCc2ccccc21,,,,,,,,,,,,,-2.4771212547196626,,,,,,,,
,Clc1ccc2c(c1)C(N1CCNCC1)=Nc1ccccc1O2,,,,,,,,,,,,,-2.6020599913279625,,,,,,,,
,CCCC1C(=O)N2C(N(C)C)=Nc3ccc(C)cc3N2C1=O,,,,,,,,,,,,,-3.0791812460476247,,,,,,,,
,O=C(Cn1ccnc1[N+](=O)[O-])NCc1ccccc1,,,,,,,,,,,,,-0.6989700043360189,,,,,,,,-0.6989700043360189
,O=C(Nc1ccc(C(=O)[O-])c(O)c1)c1ccccc1,,,,,,,,,,,,,-4.176091259055681,,,,,,,,
,Nc1ccc(C(=O)[O-])c(O)c1,,,,,,,,,,,,,-4.176091259055681,,,-4.176091259055681,,,-4.176091259055681,,
,Nc1ccc(C(=O)[O-])c(O)c1,,,,,,,,,,,,,-4.176091259055681,,,-4.176091259055681,,,-4.176091259055681,,
,Nc1ccc(C(=O)[O-])c(O)c1,,,,,,,,,,,,,-4.176091259055681,,,-4.176091259055681,,,-4.176091259055681,,
,Nc1ccc(C(=O)[O-])c(O)c1,,,,,,,,,,,,,-4.176091259055681,,,-4.176091259055681,,,-4.176091259055681,,
,CCOc1nc2cccc(C(=O)OC(C)OC(=O)OC3CCCCC3)c2n1Cc1ccc(-c2ccccc2-c2nnn[nH]2)cc1,,,,,,,,,,,,,-0.9030899869919436,,,-0.6020599913279624,,,,,
,C=C(C)[C@@H]1CCC(C)=C[C@H]1c1c(O)cc(CCCCC)cc1O,,,,,,,,,,,,,-1.0,,-1.3010299956639813,,,,,,
,C=CC1=C(C(=O)O)N2C(=O)[C@@H](NC(=O)/C(=N\OCC(=O)O)c3csc(N)n3)[C@H]2SC1,,,,,,,,,,,,,-2.6020599913279625,,,,-2.6020599913279625,-2.6020599913279625,-2.6020599913279625,,
,NCc1ccccc1CC(=O)N[C@@H]1C(=O)N2C(C(=O)O)=C(CSc3nnnn3CC(=O)O)CS[C@H]12,,,,,,,,,,,,,-3.6020599913279625,,,,,,,,
,Nc1nc(/C(=C/CC(=O)O)C(=O)N[C@@H]2C(=O)N3C(C(=O)O)=CCS[C@H]23)cs1,,,,,,,,,,,,,-2.7781512503836434,,,-0.9542425094393248,,,,,
,COCc1c(C(C)C)nc(C(C)C)c(/C=C/[C@@H](O)C[C@@H](O)CC(=O)[O-])c1-c1ccc(F)cc1,,,,,,,,,,,,,-0.9030899869919436,,,,,,,,
,CN(C)CCCN1c2ccccc2Sc2ccc(Cl)cc21,,,,,,,,,,,,,-0.4771212547196624,,,-0.4771212547196624,,,-0.4771212547196624,,
,COc1cc(N)c(Cl)cc1C(=O)N[C@H]1CCN(CCCOc2ccc(F)cc2)C[C@H]1OC,,,,,,,,,,,,,-1.3010299956639813,,,,,,-1.9030899869919435,,
,CC[C@H]1OC(=O)[C@H](C)[C@@H](O[C@H]2C[C@@](C)(OC)[C@@H](O)[C@H](C)O2)[C@H](C)[C@@H](O[C@@H]2O[C@H](C)C[C@H](N(C)C)[C@H]2O)[C@](C)(OC)C[C@@H](C)C(=O)[C@H](C)[C@@H](O)[C@]1(C)O,,,,,,,,,,,,,-0.4771212547196624,,,,,-2.6989700043360187,,,
,CC(C)/N=c1\cc2n(-c3ccc(Cl)cc3)c3ccccc3nc-2cc1Nc1ccc(Cl)cc1,,,,,,,,,,,,,-2.0,,,-2.0,,,-2.0,,
,Clc1cccc(Cl)c1NC1=NCCN1,,,,,,,,,,,,,-1.7160033436347992,,,,,,,,
,Clc1ccccc1C(c1ccccc1)(c1ccccc1)n1ccnc1,,,,,,,,,,,,,-0.6989700043360189,,,,,,-0.6989700043360189,,
,O=C1CN(/N=C/c2ccc(-c3ccc([N+](=O)[O-])cc3)o2)C([O-])=N1,,,,,,,,,,,,,-0.6020599913279624,,,,,,,,
,CNCCCN1c2ccccc2CCc2ccccc21,,,,,,,,,,,,,-2.3010299956639813,,,,,,-2.3010299956639813,,
,COc1ccc([C@@H]2Sc3ccccc3N(CCN(C)C)C(=O)[C@@H]2OC(C)=O)cc1,,,,,,,,,,,,,-2.5563025007672877,,-2.5563025007672877,,,-2.681241237375587,,-2.5563025007672877,
,O=C1c2ccccc2C(=O)C1C(=O)C(c1ccccc1)c1ccccc1,,,,,,,,,,,,,-1.4771212547196624,,,,,,,,
,NC(=O)OCC(COC(N)=O)c1ccccc1,,,,,,,,,,,,,-3.5563025007672877,,,,,,,,
,OC(Cn1cncn1)(Cn1cncn1)c1ccc(F)cc1F,,,,,,,,,,,,,-0.9030899869919436,,,,,,,,
,CC(C)CN(C[C@@H](OP(=O)([O-])[O-])[C@H](Cc1ccccc1)NC(=O)O[C@H]1CCOC1)S(=O)(=O)c1ccc(N)cc1,,,,,,,,,,,,,-1.4771212547196624,,,,,,,,
,CCC(=O)O[C@@H](O[P@@](=O)(CCCCc1ccccc1)CC(=O)N1C[C@H](C2CCCCC2)C[C@H]1C(=O)[O-])C(C)C,,,,,,,,,,,,,-1.6020599913279625,,,-1.6020599913279625,,,,,
,O=C1NC(c2ccccc2)(c2ccccc2)C(=O)N1COP(=O)([O-])[O-],,,,,,,,,,,,,-1.0791812460476249,,,,,,,,
,COc1c(N2CCNC(C)C2)c(F)cc2c(=O)c(C(=O)O)cn(C3CC3)c12,,,,,,,,,,,,,-2.6020599913279625,,,,-2.6020599913279625,,,,
,CC1=C(/C=C/C(C)=C/C=C/C(C)=C\C(=O)O)C(C)(C)CCC1,,,,,,,,,,,,,-0.0,,,,-0.0,,,,
,CN1CCN(C2=Nc3ccccc3Oc3ccc(Cl)cc32)CC1,,,,,,,,,,,,,-2.0,,-2.0,,,,-2.0,,
,Cc1cccc(Nc2ccccc2C(=O)O)c1C,,,,,,,,,,,,,-0.6020599913279624,,,,-0.6020599913279624,,-0.6020599913279624,,
,Cn1cc[nH]c1=S,,,,,,,,,,,,,-1.1760912590556811,,,,,,-1.1760912590556811,,
,CCOC(=O)Nc1ccc2c(c1)N(C(=O)CCN1CCOCC1)c1ccccc1S2,,,,,,,,,,,,,-2.9542425094393248,,,,,,-2.9542425094393248,,
,CCCc1c2oc(C(=O)[O-])cc(=O)c2cc2c(=O)cc(C(=O)[O-])n(CC)c12,,,,,,,,,,,,,-1.146128035678238,,,,-1.146128035678238,,,,
,COCCOC(=O)C1=C(C)NC(C)=C(C(=O)OC(C)C)C1c1cccc([N+](=O)[O-])c1,,,,,,,,,,,,,-0.6020599913279624,,,,,,-2.5563025007672877,,
,O=C(O)CCc1nc(-c2ccccc2)c(-c2ccccc2)o1,,,,,,,,,,,,,-3.0791812460476247,,,,-3.0791812460476247,-3.0791812460476247,-3.0791812460476247,,
,CC(C)Oc1ccc(-c2nc(-c3cccc4c3CC[C@@H]4NCCO)no2)cc1C#N,,,,,,,,,,,,,-0.0,-0.0,,,,-0.0,-0.0,,-0.0
,CCC1(C)OC(=O)N(C)C1=O,,,,,,,,,,,,,-0.6020599913279624,,,,,,,,
,CCC(=O)NS(=O)(=O)c1ccc(-c2c(-c3ccccc3)noc2C)cc1,,,,,,,,,,,,,-1.6020599913279625,,,,,,,,
,O=C1c2ccccc2C(=O)C1c1ccccc1,,,,,,,,,,,,,-2.6989700043360187,,,-0.6020599913279624,,,-2.0,,
,CCCCC1C(=O)N(c2ccccc2)N(c2ccccc2)C1=O,,,,,,,,,,,,,-2.0,,,,,,-1.1760912590556811,,
,O=C(O)c1ccccc1C(=O)Nc1ccc(S(=O)(=O)Nc2nccs2)cc1,,,,,,,,,,,,,-3.7781512503836434,,,,,,,,
,Nc1cccc2c1C(=O)N(C1CCC(=O)NC1=O)C2=O,,,,,,,,,,,,,-0.6020599913279624,,,,,-0.6020599913279624,,,
,CC(C)NCC(O)COc1cccc2ccccc12,,,,,,,,,,,,,-0.4771212547196624,-0.4771212547196624,,,,,,,
,CO[C@H]1/C=C/O[C@@]2(C)Oc3c(C)c(O)c4c(O)c(c(/C=N/N5CCN(C)CC5)c(O)c4c3C2=O)NC(=O)/C(C)=C\C=C\[C@H](C)[C@H](O)[C@@H](C)[C@@H](O)[C@@H](C)[C@H](OC(C)=O)[C@@H]1C,,,,,,,,,,,,,-2.7781512503836434,,-2.7781512503836434,-2.7781512503836434,,-1.2041199826559248,-2.7781512503836434,,
,C=CC(=O)N1CCN(c2nc(=O)n(-c3c(C)ccnc3C(C)C)c3nc(-c4c(O)cccc4F)c(F)cc23)[C@@H](C)C1,,,,,,,,,,,,,-2.9822712330395684,,,,-2.9822712330395684,,,-2.9822712330395684,
,Nc1ccc(S(=O)(=O)Nc2ncccn2)cc1,,,,,,,,,,,,,-2.1760912590556813,,,,,,-3.7781512503836434,,
,Nc1ccc(S(=O)([O-])=Nc2ncccn2)cc1,,,,,,,,,,,,,0.0,,,,,,0.0,,
,CCc1nnc(NS(=O)(=O)c2ccc(N)cc2)s1,,,,,,,,,,,,,-4.977723605288848,,,,,,-4.977723605288848,,
,Cc1cc(NS(=O)(=O)c2ccc(N)cc2)no1,,,,,,,,,,,,,-3.4771212547196626,,,,,,,,
,COc1ccc(NS(=O)(=O)c2ccc(N)cc2)nn1,,,,,,,,,,,,,-3.3010299956639813,,,,,,,,0.0
,Cc1noc(NS(=O)(=O)c2ccc(N)cc2)c1C,,,,,,,,,,,,,-3.6020599913279625,,,,,,-3.6020599913279625,,
,O=C1CCC(N2C(=O)c3ccccc3C2=O)C(=O)N1,,,,,,,,,,,,,-2.6020599913279625,,,,,,,,
,Cc1cccc(C)c1NC(=O)C(C)N,,,,,,,,,,,,,-2.903089986991944,,,,,,,,
,CN1C(=O)OC(C)(C)C1=O,,,,,,,,,,,,,-2.7781512503836434,,,,,,-3.0,,
,CSCC[C@@H]1NC(=O)[C@H](CC(C)C)NC(=O)[C@H](CCCNC(=N)N)NC(=O)[C@H](CO)NC(=O)[C@@H]2CSSC[C@@H]3NC(=O)[C@H](CO)NC(=O)CNC(=O)[C@H]([C@@H](C)O)NC(=O)[C@H](CSSC[C@H](N)C(=O)N[C@@H](CCCCN)C(=O)NCC(=O)N[C@@H](CCCCN)C(=O)NCC(=O)N[C@@H](C)C(=O)N[C@@H](CCCCN)C(=O)N2)NC(=O)[C@H](CSSC[C@@H](C(N)=O)NC(=O)[C@H](CCCCN)NC(=O)CNC(=O)[C@H](CO)NC(=O)[C@H](CCCNC(=N)N)NC3=O)NC(=O)[C@H](CC(=O)O)NC(=O)[C@H](Cc2ccc(O)cc2)NC1=O,,,,,,,,,,,,,-0.6020599913279624,,,,,,,,
,CCCC1O[C@@H]2C[C@H]3[C@@H]4CCC5=CC(=O)C=C[C@]5(C)[C@H]4[C@@H](O)C[C@]3(C)[C@]2(C(=O)CO)O1,,,,,,,,,,,,,,-0.9542425094393248,,,,,-0.9542425094393248,,
,COc1c(OCCCN2CCOCC2)ccc2c1N=C(NC(=O)c1cnc(N)nc1)N1CCN=C21,,,,,,,,,,,,,,-1.4471580313422192,,,-1.4471580313422192,-1.4471580313422192,,,
,C[N+]1(C)CCC(OC(=O)C(O)(c2ccccc2)C2CCCC2)C1,,,,,,,,,,,,,,-1.6989700043360187,,,,,,,
,CC(C)(C)c1cc(C(C)(C)C)c(NC(=O)c2c[nH]c3ccccc3c2=O)cc1O,,,,,,,,,,,,,,-1.0791812460476249,,,,,,,
,COc1ccc(CC(C)(C)NC[C@H](O)c2cc(O)cc3c2OCC(=O)N3)cc1,,,,,,,,,,,,,,-1.0,,,,,,,
,Clc1ccc(CCCOCCCN2CCCCC2)cc1,,,,,,,,,,,,,,-1.6020599913279625,,,,,,,
,CCCCCCCCCCC(=O)O[C@H]1CC[C@H]2[C@@H]3CCC4=CC(=O)CC[C@]4(C)[C@H]3CC[C@]12C,,,,,,,,,,,,,,-2.3010299956639813,,,,,,,
,COc1cc2nccc(Oc3ccc(NC(=O)Nc4cc(C)on4)c(Cl)c3)c2cc1OC,,,,,,,,,,,,,,-1.5314789170422551,,,,,,,
,N#Cc1ccc2[nH]cc(CCCCN3CCN(c4ccc5cc(C(N)=O)oc5c4)CC3)c2c1,,,,,,,,,,,,,,-1.6020599913279625,,,,,,,
,CCc1cc2c(cc1N1CCC(N3CCOCC3)CC1)C(C)(C)c1[nH]c3cc(C#N)ccc3c1C2=O,,,,,,,,,,,,,,,-2.7781512503836434,,-2.7781512503836434,-1.4471580313422192,,-2.7781512503836434,
,OC(O)C(Cl)(Cl)Cl,,,,,,,,,,,,,,,0.0,,,,,,
,O=C(O)c1cc(-c2ccccc2)nc2ccccc12,,,,,,,,,,,,,,,-3.0,,,,-3.903089986991944,,
,C[C@H](Nc1ncnc2[nH]cnc12)c1cc2cccc(Cl)c2c(=O)n1-c1ccccc1,,,,,,,,,,,,,,,-1.3979400086720375,,-1.3979400086720375,-1.3979400086720375,,,
,CCCCC[C@H](O)/C=C/[C@H]1[C@H](O)C[C@@H]2O/C(=C\CCCC(=O)[O-])C[C@@H]21,,,,,,,,,,,,,,,-7.681241237375588,,,,-7.681241237375588,,
,C[C@](N)(Cc1ccc(O)c(O)c1)C(=O)O,,,,,,,,,,,,,,,-3.3010299956639813,,,,-3.3010299956639813,,
,O=C1CC[C@@]2(O)[C@H]3Cc4ccc(O)c5c4[C@@]2(CCN3CC2CC2)[C@H]1O5,,,,,,,,,,,,,,,0.0,,,,,-2.4771212547196626,
,CCOc1ccc(Cc2cc([C@@H]3O[C@H](SC)[C@@H](O)[C@H](O)[C@H]3O)ccc2Cl)cc1,,,,,,,,,,,,,,,-2.6020599913279625,,,,,,
,CCO,,,,,,,,,,,,,,,,-5.477121254719663,,,,,
,O=C1CN=C(c2ccccc2Cl)c2cc([N+](=O)[O-])ccc2N1,,,,,,,,,,,,,,,,-1.3010299956639813,,,,,
,COC(=O)[C@H]1[C@@H](OC(=O)c2ccccc2)C[C@@H]2CC[C@H]1N2C,,,,,,,,,,,,,,,,0.0,,,,,
,NCC1(CC(=O)O)CCCCC1,,,,,,,,,,,,,,,,-3.255272505103306,,,-3.255272505103306,,
,COC(=O)C1=C(C)NC(C)=C(C(=O)OC(C)C)C1c1cccc2nonc12,,,,,,,,,,,,,,,,-1.0,,,,,
,CC(=O)O[C@]1(C(C)=O)CC[C@H]2[C@@H]3C=C(C)C4=CC(=O)CC[C@]4(C)[C@H]3CC[C@@]21C,,,,,,,,,,,,,,,,-3.0791812460476247,,,,,
,C[C@H]1C[C@H]2[C@@H]3CC[C@](O)(C(=O)CO)[C@@]3(C)C[C@H](O)[C@@H]2[C@@]2(C)C=CC(=O)C=C12,,,,,,,,,,,,,,,,-1.5563025007672873,,,,,
,CCc1nn(CCCN2CCN(c3cccc(Cl)c3)CC2)c(=O)n1CCOc1ccccc1,,,,,,,,,,,,,,,,-2.7781512503836434,,,,,
,CC(=O)Nc1ccc(OCC(O)CNC(C)C)cc1,,,,,,,,,,,,,,,,-0.6020599913279624,,,,,
,CC(=O)OCC(=O)[C@@]1(O)CC[C@H]2[C@@H]3CCC4=CC(=O)C=C[C@]4(C)[C@H]3[C@@H](O)C[C@@]21C,,,,,,,,,,,,,,,,-1.7781512503836436,,,,,
,O=[N+]([O-])c1cn2c(n1)OC[C@@H](OCc1ccc(OC(F)(F)F)cc1)C2,,,,,,,,,,,,,,,,-2.3010299956639813,,-2.3010299956639813,-2.3010299956639813,,
,O=C(O)COC(=O)Cc1ccccc1Nc1c(Cl)cccc1Cl,,,,,,,,,,,,,,,,,-2.3010299956639813,,,,
,CCC1(c2ccc(N)cc2)CCC(=O)NC1=O,,,,,,,,,,,,,,,,,-3.3010299956639813,,,,
,CC(C)c1ccc2oc3nc(N)c(C(=O)O)cc3c(=O)c2c1,,,,,,,,,,,,,,,,,-0.3010299956639812,,-1.6989700043360187,,
,CC(C)CN(C[C@@H](O)[C@H](Cc1ccccc1)NC(=O)O[C@H]1CCOC1)S(=O)(=O)c1ccc(N)cc1,,,,,,,,,,,,,,,,,-2.7781512503836434,-3.380211241711606,,,
,O=C(O)c1cccc(-c2noc(-c3ccccc3F)n2)c1,,,,,,,,,,,,,,,,,-1.9030899869919435,,,,
,CCS(=O)(=O)N1CC(CC#N)(n2cc(-c3ncnc4[nH]ccc34)cn2)C1,,,,,,,,,,,,,,,,,-0.6020599913279624,,,,
,CCC[C@@H]1CC(=O)N([C@@H](CC)C(N)=O)C1,,,,,,,,,,,,,,,,,-0.6020599913279624,,,,
,Nc1c(CC(=O)[O-])cccc1C(=O)c1ccc(Br)cc1,,,,,,,,,,,,,,,,,-1.6989700043360187,,,,
,CCC(C)CCCCC(=O)N[C@@H](CCNCS(=O)(=O)[O-])C(=O)N[C@H](C(=O)N[C@@H](CCNCS(=O)(=O)[O-])C(=O)N[C@H]1CCNC(=O)[C@H]([C@@H](C)O)NC(=O)[C@H](CCNCS(=O)(=O)[O-])NC(=O)[C@H](CCNCS(=O)(=O)[O-])NC(=O)[C@H](CC(C)C)NC(=O)[C@@H](CC(C)C)NC(=O)[C@H](CCNCS(=O)(=O)[O-])NC1=O)[C@@H](C)O,,,,,,,,,,,,,,,,,-2.397940008672037,,,,
,C[C@H]1c2cccc(O)c2C(=O)C2=C(O)[C@]3(O)C(=O)C(C(N)=O)=C(O)[C@@H](N(C)C)[C@@H]3[C@@H](O)[C@@H]21,,,,,,,,,,,,,,,,,-1.6020599913279625,,,,
,Cc1cnc(Nc2ccc(OCCN3CCCC3)cc2)nc1Nc1cccc(S(=O)(=O)NC(C)(C)C)c1,,,,,,,,,,,,,,,,,-2.6020599913279625,,,,
,CC1(C)S[C@@H]2[C@H](N3C(=O)[C@@H](c4ccccc4)NC3(C)C)C(=O)N2[C@H]1C(=O)O,,,,,,,,,,,,,,,,,-2.397940008672037,,,,
,NNC(=O)c1ccncc1,,,,,,,,,,,,,,,,,-2.4771212547196626,,,,
,N[C@@H](Cc1ccc(N(CCCl)CCCl)cc1)C(=O)O,,,,,,,,,,,,,,,,,-1.1760912590556811,,,,
,C[N+]1(CC2CC2)CC[C@]23c4c5ccc(O)c4O[C@H]2C(=O)CC[C@@]3(O)[C@H]1C5,,,,,,,,,,,,,,,,,-1.0791812460476249,,,,
,CCN(CC)CCNC(=O)c1cc(Cl)c(N)cc1OC,,,,,,,,,,,,,,,,,-1.6020599913279625,,-1.6020599913279625,,
,[N]=O,,,,,,,,,,,,,,,,,-1.3010299956639813,-1.3010299956639813,-0.6989700043360189,,
,COc1ccc(OC)c(Cc2cnc3nc(N)nc(N)c3c2C)c1,,,,,,,,,,,,,,,,,-0.6989700043360189,,,,
,CC[C@H](C)[C@H](NC(=O)[C@H](CCC(=O)O)NC(=O)[C@H](CO)NC(=O)[C@@H](NC(=O)[C@@H](N)CO)C(C)C)C(=O)N[C@@H](CCC(N)=O)C(=O)N[C@@H](CC(C)C)C(=O)N[C@@H](CCSC)C(=O)N[C@@H](Cc1c[nH]cn1)C(=O)N[C@@H](CC(N)=O)C(=O)N[C@@H](CC(C)C)C(=O)NCC(=O)N[C@@H](CCCCN)C(=O)N[C@@H](Cc1c[nH]cn1)C(=O)N[C@@H](CC(C)C)C(=O)N[C@@H](CC(N)=O)C(=O)N[C@@H](CO)C(=O)N[C@@H](CCSC)C(=O)N[C@@H](CCC(=O)O)C(=O)N[C@@H](CCCNC(=N)N)C(=O)N[C@H](C(=O)N[C@@H](CCC(=O)O)C(=O)N[C@@H](Cc1c[nH]c2ccccc12)C(=O)N[C@@H](CC(C)C)C(=O)N[C@@H](CCCNC(=N)N)C(=O)N[C@@H](CCCCN)C(=O)N[C@@H](CCCCN)C(=O)N[C@@H](CC(C)C)C(=O)N[C@@H](CCC(N)=O)C(=O)N[C@@H](CC(=O)O)C(=O)N[C@H](C(=O)N[C@@H](Cc1c[nH]cn1)C(=O)N[C@@H](CC(N)=O)C(=O)N[C@@H](Cc1ccccc1)C(=O)O)C(C)C)C(C)C,,,,,,,,,,,,,,,,,-1.3010299956639813,,,,
,Nc1ccncc1N,,,,,,,,,,,,,,,,,,-2.2430380486862944,-2.2430380486862944,,
,C[C@@H]1CC[C@H]2[C@@H](C)[C@@H](OC(=O)CCC(=O)O)O[C@@H]3O[C@@]4(C)CC[C@@H]1[C@@]23OO4,,,,,,,,,,,,,,,,,,-0.6020599913279624,-0.6020599913279624,,
,Nc1ncn([C@@H]2O[C@H](CO)[C@@H](O)[C@H]2O)c(=O)n1,,,,,,,,,,,,,,,,,,-2.4771212547196626,,,
,CSCCNc1nc(SCCC(F)(F)F)nc2c1ncn2[C@@H]1O[C@H](COP(=O)([O-])OP(=O)([O-])C(Cl)(Cl)P(=O)([O-])[O-])[C@@H](O)[C@H]1O,,,,,,,,,,,,,,,,,,-6.6020599913279625,,,
,COc1ccccc1OCCNCC(O)COc1cccc2[nH]c3ccccc3c12,,,,,,,,,,,,,,,,,,-1.3979400086720375,,,
,Nc1nc(Cl)nc2c1ncn2[C@@H]1O[C@H](CO)[C@@H](O)[C@@H]1F,,,,,,,,,,,,,,,,,,-2.568201724066995,,,
,CCCCCCCCCC(=O)N[C@@H](Cc1c[nH]c2ccccc12)C(=O)N[C@@H](CC(N)=O)C(=O)N[C@@H](CC(=O)O)C(=O)N[C@@H]1C(=O)NCC(=O)N[C@@H](CCCN)C(=O)N[C@@H](CC(=O)O)C(=O)N[C@@H](C)C(=O)N[C@@H](CC(=O)O)C(=O)NCC(=O)N[C@H](CO)C(=O)N[C@@H]([C@H](C)CC(=O)O)C(=O)N[C@@H](CC(=O)c2ccccc2N)C(=O)O[C@@H]1C,,,,,,,,,,,,,,,,,,-0.7781512503836436,-1.6812412373755872,,
,CN(C)CC/C=C1/c2ccccc2COc2ccccc21,,,,,,,,,,,,,,,,,,-0.7781512503836436,-0.7781512503836436,,
,COc1cc2c(cc1Cc1cccc(Cl)c1F)c(=O)c(C(=O)O)cn2[C@H](CO)C(C)C,,,,,,,,,,,,,,,,,,-2.1760912590556813,,,
,CN(C)[C@@H]1C(O)=C(C(N)=O)C(=O)[C@@]2(O)C(O)=C3C(=O)c4c(O)c(NC(=O)CN5CCCC5)cc(F)c4C[C@H]3C[C@@H]12,,,,,,,,,,,,,,,,,,-1.0791812460476249,,,
,CN(C)C(=O)C(CCN1CCC(O)(c2ccc(Cl)cc2)CC1)(c1ccccc1)c1ccccc1,,,,,,,,,,,,,,,,,,-0.9030899869919436,-0.9030899869919436,,
,COc1ccc2[nH]cc(CCNC(C)=O)c2c1,,,,,,,,,,,,,,,,,,-0.3010299956639812,,,
,Cc1cc(OP(=O)([O-])[O-])c2ccccc2c1OP(=O)([O-])[O-],,,,,,,,,,,,,,,,,,0.0,,,
,CC1(S(=O)(=O)[O-])CC(=O)c2ccccc2C1=O,,,,,,,,,,,,,,,,,,-1.0,,,
,C[C@]1(O)CC[C@H]2[C@@H]3CCC4=CC(=O)CC[C@]4(C)[C@H]3CC[C@@]21C,,,,,,,,,,,,,,,,,,-1.0,-1.0,,
,CO[C@@H]1[C@H](N(C)C(=O)c2ccccc2)C[C@H]2O[C@]1(C)n1c3ccccc3c3c4c(c5c6ccccc6n2c5c31)C(=O)NC4,,,,,,,,,,,,,,,,,,-2.0,-1.6989700043360187,,
,CO[C@@H]1[C@@H](OC(N)=O)[C@@H](O)[C@H](Oc2ccc3c([O-])c(NC(=O)c4ccc(O)c(CC=C(C)C)c4)c(=O)oc3c2C)OC1(C)C,,,,,,,,,,,,,,,,,,-3.0,-3.0,,
,CCN1C(=O)N(c2c(F)c(OC)cc(OC)c2F)Cc2cnc3[nH]c(CN4CCOCC4)cc3c21,,,,,,,,,,,,,,,,,,-0.6989700043360189,,,
,CCC(=O)NCC[C@@H]1CCc2ccc3c(c21)CCO3,,,,,,,,,,,,,,,,,,-1.806179973983887,,,
,CCn1c(=O)c(-c2cc(NC(=O)Nc3ccccc3)c(F)cc2Br)cc2cnc(NC)cc21,,,,,,,,,,,,,,,,,,-2.1760912590556813,-2.1760912590556813,,
,CC(C)OC(=O)[C@H](C)NP(=O)(OC[C@H]1O[C@@H](n2ccc(=O)[nH]c2=O)[C@](C)(F)[C@@H]1O)Oc1ccccc1,,,,,,,,,,,,,,,,,,-2.6020599913279625,,,
,O=P([O-])(O)C(Sc1ccc(Cl)cc1)P(=O)([O-])O,,,,,,,,,,,,,,,,,,-2.3010299956639813,,,
,CC1(C)O[C@@H]2C[C@H]3[C@@H]4CCC5=CC(=O)C=C[C@]5(C)[C@@]4(F)[C@@H](O)C[C@]3(C)[C@]2(C(=O)CO)O1,,,,,,,,,,,,,,,,,,-2.3010299956639813,,,
,C=CC(=O)N1CCC([C@@H]2CCNc3c(C(N)=O)c(-c4ccc(Oc5ccccc5)cc4)nn32)CC1,,,,,,,,,,,,,,,,,,-2.505149978319906,,,
,NS(=O)(=O)c1cc2c(cc1Cl)N=C(CSCc1ccccc1)NS2(=O)=O,,,,,,,,,,,,,,,,,,,-2.3010299956639813,,
,C=CCc1cc(-c2cc(CC=C)c(O)c(CN(CC)CC)c2)cc(CN(CC)CC)c1O,,,,,,,,,,,,,,,,,,,-0.6020599913279624,,
,CCOC(=O)n1ccn(C)c1=S,,,,,,,,,,,,,,,,,,,-1.6020599913279625,,
,NC(=O)N[C@@H](CCC(=O)O)C(=O)O,,,,,,,,,,,,,,,,,,,-2.397940008672037,,
,CO[C@@]1(NC(=O)Cc2cccs2)C(=O)N2C(C(=O)[O-])=C(COC(N)=O)CS[C@@H]21,,,,,,,,,,,,,,,,,,,-1.9030899869919435,,
,C[C@H](CCC(=O)O)[C@H]1CC[C@H]2[C@H]3[C@H](CC[C@@]21C)[C@@]1(C)CC[C@@H](O)C[C@H]1C[C@H]3O,,,,,,,,,,,,,,,,,,,-0.9030899869919436,,-3.0
,COc1cc2c(c(OC)c1OC)-c1ccc(OC)c(=O)cc1[C@@H](NC(C)=O)CC2,,,,,,,,,,,,,,,,,,,-0.6989700043360189,-0.7781512503836436,
,CN1CCC(=C2c3ccccc3C=Cc3ccccc32)CC1,,,,,,,,,,,,,,,,,,,-1.0791812460476249,,
,CCC(=O)O[C@](Cc1ccccc1)(c1ccccc1)[C@H](C)CN(C)C,,,,,,,,,,,,,,,,,,,-0.6989700043360189,,
,CCN(CC)C(=S)SSC(=S)N(CC)CC,,,,,,,,,,,,,,,,,,,-2.3010299956639813,,
,CC(=O)[C@H]1CC[C@H]2[C@@H]3C=CC4=CC(=O)CC[C@@]4(C)[C@@H]3CC[C@]12C,,,,,,,,,,,,,,,,,,,-1.1760912590556811,,
,C=C(CC)C(=O)c1ccc(OCC(=O)O)c(Cl)c1Cl,,,,,,,,,,,,,,,,,,,-1.6989700043360187,,
,CCN(CC)CCN1C(=O)CN=C(c2ccccc2F)c2cc(Cl)ccc21,,,,,,,,,,,,,,,,,,,-0.7781512503836436,,
,N[C@@H](C(=O)N[C@@H]1C(=O)N2C(C(=O)O)=C(Cl)CC[C@H]12)c1ccccc1,,,,,,,,,,,,,,,,,,,-2.3010299956639813,,
,CCCNS(=O)(=O)Nc1ncnc(OCCOc2ncc(Br)cn2)c1-c1ccc(Br)cc1,,,,,,,,,,,,,,,,,,,-1.0,-1.0,
,CN1CCc2c(c3ccccc3n2Cc2ccccc2)C1,,,,,,,,,,,,,,,,,,,-1.6989700043360187,,
,CCC(C)C(C)(COC(N)=O)COC(N)=O,,,,,,,,,,,,,,,,,,,-1.0,,
,C[C@]12C=CC(=O)C=C1CC[C@@H]1[C@@H]2CC[C@@]2(C)[C@H]1CC[C@]2(C)O,,,,,,,,,,,,,,,,,,,-0.6989700043360189,,
,CN1C(CCl)Nc2cc(Cl)c(S(N)(=O)=O)cc2S1(=O)=O,,,,,,,,,,,,,,,,,,,-1.0,,
,CCc1c(C)[nH]c2c1C(=O)C(CN1CCOCC1)CC2,,,,,,,,,,,,,,,,,,,-2.0,,
,COc1ccc2cc([C@H](C)C(=O)O)ccc2c1,,,,,,,,,,,,,,,,,,,-3.0,,
,CC(C)[C@H]1CC[C@H](C(=O)N[C@H](Cc2ccccc2)C(=O)O)CC1,,,,,,,,,,,,,,,,,,,-2.0791812460476247,,
,O=C(O)c1cccnc1,,,,,,,,,,,,,,,,,,,-4.845098040014257,,
,CS(=O)(=O)Nc1ccc([N+](=O)[O-])cc1Oc1ccccc1,,,,,,,,,,,,,,,,,,,-2.3010299956639813,,
,CC[C@]1(O)CC[C@H]2[C@@H]3CCC4=CC(=O)CC[C@@H]4[C@H]3CC[C@@]21C,,,,,,,,,,,,,,,,,,,-1.6020599913279625,,
,C#C[C@]1(O)CC[C@H]2[C@@H]3CCC4=CC(=O)CC[C@@H]4[C@H]3CC[C@@]21C,,,,,,,,,,,,,,,,,,,-0.6989700043360189,,
,CO[C@H]1[C@@H](OC(N)=O)[C@@H](O)[C@H](Oc2ccc3c([O-])c(NC(=O)c4ccc(O)c(CC=C(C)C)c4)c(=O)oc3c2C)OC1(C)C,,,,,,,,,,,,,,,,,,,-0.7781512503836436,,
,CCCCC1C(=O)N(c2ccccc2)N(c2ccc(O)cc2)C1=O,,,,,,,,,,,,,,,,,,,-2.0,,
,COc1ccc(Cc2nccc3cc(OC)c(OC)cc23)cc1OC,,,,,,,,,,,,,,,,,,,-2.7781512503836434,,
,CO[C@H](C(=O)[C@@H](O)[C@@H](C)O)[C@@H]1Cc2cc3cc(O[C@H]4C[C@@H](O[C@H]5C[C@@H](O)[C@H](O)[C@@H](C)O5)[C@H](O)[C@@H](C)O4)c(C)c(O)c3c(O)c2C(=O)[C@H]1O[C@H]1C[C@@H](O[C@H]2C[C@@H](O[C@H]3C[C@](C)(O)[C@H](O)[C@@H](C)O3)[C@@H](O)[C@@H](C)O2)[C@H](O)[C@@H](C)O1,,,,,,,,,,,,,,,,,,,-4.3979400086720375,,
,Cc1ncc(CSSCc2cnc(C)c(O)c2CO)c(CO)c1O,,,,,,,,,,,,,,,,,,,-0.0,,
,C[C@@H](NCCc1ccc(O)cc1)[C@@H](O)c1ccc(O)cc1,,,,,,,,,,,,,,,,,,,-1.5440680443502757,,
,Nc1ccc(S(=O)(=O)Nc2ccc(Cl)nn2)cc1,,,,,,,,,,,,,,,,,,,-0.6020599913279624,,
,Cc1ccnc(NS(=O)(=O)c2ccc(N)cc2)n1,,,,,,,,,,,,,,,,,,,-2.6989700043360187,,
,Cc1cc(NS(=O)(=O)c2ccc(N)cc2)nc(C)n1,,,,,,,,,,,,,,,,,,,-3.0,,
,O=S([O-])CNc1ccc(S(=O)(=O)c2ccc(NCS(=O)[O-])cc2)cc1,,,,,,,,,,,,,,,,,,,-2.5185139398778875,,
,Nc1nc2nc[nH]c2c(=S)[nH]1,,,,,,,,,,,,,,,,,,,-1.6020599913279625,,
,CC(S)C(=O)NCC(=O)O,,,,,,,,,,,,,,,,,,,-1.1760912590556811,,
,C[C@H](CCC(=O)O)[C@H]1CC[C@H]2[C@@H]3[C@@H](O)C[C@@H]4C[C@H](O)CC[C@]4(C)[C@H]3CC[C@@]21C,,,,,,,,,,,,,,,,,,,-2.397940008672037,,
,COC(=O)/C=C/C(=O)OCCN1C(=O)CCC1=O,,,,,,,,,,,,,,,,,,,,-2.6646419755561257,
,COC(=O)/C=C/C(=O)O,,,,,,,,,,,,,,,,,,,,-2.278753600952829,
